DATAFLOW,LAST UPDATE,freq,nace_r2,geo,TIME_PERIOD,OBS_VALUE,OBS_FLAG
ESTAT:ISOC_BDE15AG(1.0),02/10/23 23:00:00,A,C_ICT,AT,2008,0.48,b
ESTAT:ISOC_BDE15AG(1.0),02/10/23 23:00:00,A,C_ICT,AT,2009,0.45,
ESTAT:ISOC_BDE15AG(1.0),02/10/23 23:00:00,A,C_ICT,AT,2010,0.43,
ESTAT:ISOC_BDE15AG(1.0),02/10/23 23:00:00,A,C_ICT,AT,2011,0.49,
ESTAT:ISOC_BDE15AG(1.0),02/10/23 23:00:00,A,C_ICT,AT,2012,0.46,
ESTAT:ISOC_BDE15AG(1.0),02/10/23 23:00:00,A,C_ICT,AT,2013,0.46,
ESTAT:ISOC_BDE15AG(1.0),02/10/23 23:00:00,A,C_ICT,AT,2014,,c
ESTAT:ISOC_BDE15AG(1.0),02/10/23 23:00:00,A,C_ICT,AT,2015,0.44,
ESTAT:ISOC_BDE15AG(1.0),02/10/23 23:00:00,A,C_ICT,AT,2016,0.44,
ESTAT:ISOC_BDE15AG(1.0),02/10/23 23:00:00,A,C_ICT,AT,2017,0.46,
ESTAT:ISOC_BDE15AG(1.0),02/10/23 23:00:00,A,C_ICT,AT,2018,0.52,b
ESTAT:ISOC_BDE15AG(1.0),02/10/23 23:00:00,A,C_ICT,AT,2019,0.51,
ESTAT:ISOC_BDE15AG(1.0),02/10/23 23:00:00,A,C_ICT,AT,2020,0.44,
ESTAT:ISOC_BDE15AG(1.0),02/10/23 23:00:00,A,C_ICT,BA,2008,,b
ESTAT:ISOC_BDE15AG(1.0),02/10/23 23:00:00,A,C_ICT,BA,2014,0.03,
ESTAT:ISOC_BDE15AG(1.0),02/10/23 23:00:00,A,C_ICT,BA,2015,0.06,be
ESTAT:ISOC_BDE15AG(1.0),02/10/23 23:00:00,A,C_ICT,BA,2016,0.06,be
ESTAT:ISOC_BDE15AG(1.0),02/10/23 23:00:00,A,C_ICT,BA,2017,,c
ESTAT:ISOC_BDE15AG(1.0),02/10/23 23:00:00,A,C_ICT,BA,2018,,c
ESTAT:ISOC_BDE15AG(1.0),02/10/23 23:00:00,A,C_ICT,BA,2019,,c
ESTAT:ISOC_BDE15AG(1.0),02/10/23 23:00:00,A,C_ICT,BA,2020,,c
ESTAT:ISOC_BDE15AG(1.0),02/10/23 23:00:00,A,C_ICT,BE,2008,,c
ESTAT:ISOC_BDE15AG(1.0),02/10/23 23:00:00,A,C_ICT,BE,2009,0.48,
ESTAT:ISOC_BDE15AG(1.0),02/10/23 23:00:00,A,C_ICT,BE,2010,0.39,
ESTAT:ISOC_BDE15AG(1.0),02/10/23 23:00:00,A,C_ICT,BE,2011,0.22,
ESTAT:ISOC_BDE15AG(1.0),02/10/23 23:00:00,A,C_ICT,BE,2012,0.22,
ESTAT:ISOC_BDE15AG(1.0),02/10/23 23:00:00,A,C_ICT,BE,2013,0.22,
ESTAT:ISOC_BDE15AG(1.0),02/10/23 23:00:00,A,C_ICT,BE,2014,0.24,
ESTAT:ISOC_BDE15AG(1.0),02/10/23 23:00:00,A,C_ICT,BE,2015,0.19,
ESTAT:ISOC_BDE15AG(1.0),02/10/23 23:00:00,A,C_ICT,BE,2016,0.21,
ESTAT:ISOC_BDE15AG(1.0),02/10/23 23:00:00,A,C_ICT,BE,2017,0.21,
ESTAT:ISOC_BDE15AG(1.0),02/10/23 23:00:00,A,C_ICT,BE,2018,0.21,b
ESTAT:ISOC_BDE15AG(1.0),02/10/23 23:00:00,A,C_ICT,BE,2019,0.23,
ESTAT:ISOC_BDE15AG(1.0),02/10/23 23:00:00,A,C_ICT,BE,2020,0.21,p
ESTAT:ISOC_BDE15AG(1.0),02/10/23 23:00:00,A,C_ICT,BG,2008,0.19,b
ESTAT:ISOC_BDE15AG(1.0),02/10/23 23:00:00,A,C_ICT,BG,2009,0.12,
ESTAT:ISOC_BDE15AG(1.0),02/10/23 23:00:00,A,C_ICT,BG,2010,0.17,
ESTAT:ISOC_BDE15AG(1.0),02/10/23 23:00:00,A,C_ICT,BG,2011,0.16,
ESTAT:ISOC_BDE15AG(1.0),02/10/23 23:00:00,A,C_ICT,BG,2012,0.17,
ESTAT:ISOC_BDE15AG(1.0),02/10/23 23:00:00,A,C_ICT,BG,2013,0.19,
ESTAT:ISOC_BDE15AG(1.0),02/10/23 23:00:00,A,C_ICT,BG,2014,0.22,
ESTAT:ISOC_BDE15AG(1.0),02/10/23 23:00:00,A,C_ICT,BG,2015,0.24,
ESTAT:ISOC_BDE15AG(1.0),02/10/23 23:00:00,A,C_ICT,BG,2016,0.25,
ESTAT:ISOC_BDE15AG(1.0),02/10/23 23:00:00,A,C_ICT,BG,2017,0.29,
ESTAT:ISOC_BDE15AG(1.0),02/10/23 23:00:00,A,C_ICT,BG,2018,0.3,b
ESTAT:ISOC_BDE15AG(1.0),02/10/23 23:00:00,A,C_ICT,BG,2019,0.2,
ESTAT:ISOC_BDE15AG(1.0),02/10/23 23:00:00,A,C_ICT,BG,2020,0.21,
ESTAT:ISOC_BDE15AG(1.0),02/10/23 23:00:00,A,C_ICT,CH,2008,,b
ESTAT:ISOC_BDE15AG(1.0),02/10/23 23:00:00,A,C_ICT,CY,2008,,c
ESTAT:ISOC_BDE15AG(1.0),02/10/23 23:00:00,A,C_ICT,CY,2009,,c
ESTAT:ISOC_BDE15AG(1.0),02/10/23 23:00:00,A,C_ICT,CY,2010,,c
ESTAT:ISOC_BDE15AG(1.0),02/10/23 23:00:00,A,C_ICT,CY,2011,,c
ESTAT:ISOC_BDE15AG(1.0),02/10/23 23:00:00,A,C_ICT,CY,2012,,c
ESTAT:ISOC_BDE15AG(1.0),02/10/23 23:00:00,A,C_ICT,CY,2013,,c
ESTAT:ISOC_BDE15AG(1.0),02/10/23 23:00:00,A,C_ICT,CY,2014,,c
ESTAT:ISOC_BDE15AG(1.0),02/10/23 23:00:00,A,C_ICT,CY,2015,,c
ESTAT:ISOC_BDE15AG(1.0),02/10/23 23:00:00,A,C_ICT,CY,2016,,c
ESTAT:ISOC_BDE15AG(1.0),02/10/23 23:00:00,A,C_ICT,CY,2017,,c
ESTAT:ISOC_BDE15AG(1.0),02/10/23 23:00:00,A,C_ICT,CY,2018,,c
ESTAT:ISOC_BDE15AG(1.0),02/10/23 23:00:00,A,C_ICT,CY,2019,,c
ESTAT:ISOC_BDE15AG(1.0),02/10/23 23:00:00,A,C_ICT,CY,2020,,c
ESTAT:ISOC_BDE15AG(1.0),02/10/23 23:00:00,A,C_ICT,CZ,2008,,c
ESTAT:ISOC_BDE15AG(1.0),02/10/23 23:00:00,A,C_ICT,CZ,2009,0.34,
ESTAT:ISOC_BDE15AG(1.0),02/10/23 23:00:00,A,C_ICT,CZ,2010,0.39,
ESTAT:ISOC_BDE15AG(1.0),02/10/23 23:00:00,A,C_ICT,CZ,2011,0.35,
ESTAT:ISOC_BDE15AG(1.0),02/10/23 23:00:00,A,C_ICT,CZ,2012,0.41,
ESTAT:ISOC_BDE15AG(1.0),02/10/23 23:00:00,A,C_ICT,CZ,2013,0.44,
ESTAT:ISOC_BDE15AG(1.0),02/10/23 23:00:00,A,C_ICT,CZ,2014,0.44,
ESTAT:ISOC_BDE15AG(1.0),02/10/23 23:00:00,A,C_ICT,CZ,2015,0.37,
ESTAT:ISOC_BDE15AG(1.0),02/10/23 23:00:00,A,C_ICT,CZ,2016,0.39,
ESTAT:ISOC_BDE15AG(1.0),02/10/23 23:00:00,A,C_ICT,CZ,2017,0.36,
ESTAT:ISOC_BDE15AG(1.0),02/10/23 23:00:00,A,C_ICT,CZ,2018,0.38,
ESTAT:ISOC_BDE15AG(1.0),02/10/23 23:00:00,A,C_ICT,CZ,2019,0.33,
ESTAT:ISOC_BDE15AG(1.0),02/10/23 23:00:00,A,C_ICT,CZ,2020,0.39,
ESTAT:ISOC_BDE15AG(1.0),02/10/23 23:00:00,A,C_ICT,DE,2008,0.56,b
ESTAT:ISOC_BDE15AG(1.0),02/10/23 23:00:00,A,C_ICT,DE,2009,0.37,
ESTAT:ISOC_BDE15AG(1.0),02/10/23 23:00:00,A,C_ICT,DE,2010,0.44,
ESTAT:ISOC_BDE15AG(1.0),02/10/23 23:00:00,A,C_ICT,DE,2011,0.41,
ESTAT:ISOC_BDE15AG(1.0),02/10/23 23:00:00,A,C_ICT,DE,2012,0.34,
ESTAT:ISOC_BDE15AG(1.0),02/10/23 23:00:00,A,C_ICT,DE,2013,0.36,
ESTAT:ISOC_BDE15AG(1.0),02/10/23 23:00:00,A,C_ICT,DE,2014,0.38,
ESTAT:ISOC_BDE15AG(1.0),02/10/23 23:00:00,A,C_ICT,DE,2015,0.43,
ESTAT:ISOC_BDE15AG(1.0),02/10/23 23:00:00,A,C_ICT,DE,2016,0.43,
ESTAT:ISOC_BDE15AG(1.0),02/10/23 23:00:00,A,C_ICT,DE,2017,0.4,
ESTAT:ISOC_BDE15AG(1.0),02/10/23 23:00:00,A,C_ICT,DE,2018,0.43,b
ESTAT:ISOC_BDE15AG(1.0),02/10/23 23:00:00,A,C_ICT,DE,2019,0.4,p
ESTAT:ISOC_BDE15AG(1.0),02/10/23 23:00:00,A,C_ICT,DE,2020,0.36,p
ESTAT:ISOC_BDE15AG(1.0),02/10/23 23:00:00,A,C_ICT,DK,2008,0.26,b
ESTAT:ISOC_BDE15AG(1.0),02/10/23 23:00:00,A,C_ICT,DK,2009,0.23,
ESTAT:ISOC_BDE15AG(1.0),02/10/23 23:00:00,A,C_ICT,DK,2010,0.22,
ESTAT:ISOC_BDE15AG(1.0),02/10/23 23:00:00,A,C_ICT,DK,2011,0.21,
ESTAT:ISOC_BDE15AG(1.0),02/10/23 23:00:00,A,C_ICT,DK,2012,,c
ESTAT:ISOC_BDE15AG(1.0),02/10/23 23:00:00,A,C_ICT,DK,2013,,c
ESTAT:ISOC_BDE15AG(1.0),02/10/23 23:00:00,A,C_ICT,DK,2014,,c
ESTAT:ISOC_BDE15AG(1.0),02/10/23 23:00:00,A,C_ICT,DK,2015,,c
ESTAT:ISOC_BDE15AG(1.0),02/10/23 23:00:00,A,C_ICT,DK,2016,,c
ESTAT:ISOC_BDE15AG(1.0),02/10/23 23:00:00,A,C_ICT,DK,2017,,c
ESTAT:ISOC_BDE15AG(1.0),02/10/23 23:00:00,A,C_ICT,DK,2018,0.14,
ESTAT:ISOC_BDE15AG(1.0),02/10/23 23:00:00,A,C_ICT,DK,2019,0.16,
ESTAT:ISOC_BDE15AG(1.0),02/10/23 23:00:00,A,C_ICT,DK,2020,0.16,
ESTAT:ISOC_BDE15AG(1.0),02/10/23 23:00:00,A,C_ICT,EE,2008,0.64,b
ESTAT:ISOC_BDE15AG(1.0),02/10/23 23:00:00,A,C_ICT,EE,2009,0.59,
ESTAT:ISOC_BDE15AG(1.0),02/10/23 23:00:00,A,C_ICT,EE,2010,0.73,
ESTAT:ISOC_BDE15AG(1.0),02/10/23 23:00:00,A,C_ICT,EE,2011,1.05,
ESTAT:ISOC_BDE15AG(1.0),02/10/23 23:00:00,A,C_ICT,EE,2012,0.79,
ESTAT:ISOC_BDE15AG(1.0),02/10/23 23:00:00,A,C_ICT,EE,2013,0.81,
ESTAT:ISOC_BDE15AG(1.0),02/10/23 23:00:00,A,C_ICT,EE,2014,0.8,
ESTAT:ISOC_BDE15AG(1.0),02/10/23 23:00:00,A,C_ICT,EE,2015,0.66,
ESTAT:ISOC_BDE15AG(1.0),02/10/23 23:00:00,A,C_ICT,EE,2016,0.65,
ESTAT:ISOC_BDE15AG(1.0),02/10/23 23:00:00,A,C_ICT,EE,2017,0.66,
ESTAT:ISOC_BDE15AG(1.0),02/10/23 23:00:00,A,C_ICT,EE,2018,0.72,b
ESTAT:ISOC_BDE15AG(1.0),02/10/23 23:00:00,A,C_ICT,EE,2019,0.73,
ESTAT:ISOC_BDE15AG(1.0),02/10/23 23:00:00,A,C_ICT,EE,2020,,c
ESTAT:ISOC_BDE15AG(1.0),02/10/23 23:00:00,A,C_ICT,EL,2008,0.04,b
ESTAT:ISOC_BDE15AG(1.0),02/10/23 23:00:00,A,C_ICT,EL,2009,,c
ESTAT:ISOC_BDE15AG(1.0),02/10/23 23:00:00,A,C_ICT,EL,2010,,c
ESTAT:ISOC_BDE15AG(1.0),02/10/23 23:00:00,A,C_ICT,EL,2011,0.04,
ESTAT:ISOC_BDE15AG(1.0),02/10/23 23:00:00,A,C_ICT,EL,2012,0.05,
ESTAT:ISOC_BDE15AG(1.0),02/10/23 23:00:00,A,C_ICT,EL,2013,0.04,
ESTAT:ISOC_BDE15AG(1.0),02/10/23 23:00:00,A,C_ICT,EL,2014,0.04,
ESTAT:ISOC_BDE15AG(1.0),02/10/23 23:00:00,A,C_ICT,EL,2015,0.03,
ESTAT:ISOC_BDE15AG(1.0),02/10/23 23:00:00,A,C_ICT,EL,2016,0.05,
ESTAT:ISOC_BDE15AG(1.0),02/10/23 23:00:00,A,C_ICT,EL,2017,0.03,
ESTAT:ISOC_BDE15AG(1.0),02/10/23 23:00:00,A,C_ICT,EL,2018,0.04,b
ESTAT:ISOC_BDE15AG(1.0),02/10/23 23:00:00,A,C_ICT,EL,2019,0.03,
ESTAT:ISOC_BDE15AG(1.0),02/10/23 23:00:00,A,C_ICT,EL,2020,0.04,p
ESTAT:ISOC_BDE15AG(1.0),02/10/23 23:00:00,A,C_ICT,ES,2008,0.12,b
ESTAT:ISOC_BDE15AG(1.0),02/10/23 23:00:00,A,C_ICT,ES,2009,0.1,
ESTAT:ISOC_BDE15AG(1.0),02/10/23 23:00:00,A,C_ICT,ES,2010,0.11,
ESTAT:ISOC_BDE15AG(1.0),02/10/23 23:00:00,A,C_ICT,ES,2011,0.08,
ESTAT:ISOC_BDE15AG(1.0),02/10/23 23:00:00,A,C_ICT,ES,2012,0.07,
ESTAT:ISOC_BDE15AG(1.0),02/10/23 23:00:00,A,C_ICT,ES,2013,0.07,
ESTAT:ISOC_BDE15AG(1.0),02/10/23 23:00:00,A,C_ICT,ES,2014,0.07,
ESTAT:ISOC_BDE15AG(1.0),02/10/23 23:00:00,A,C_ICT,ES,2015,,c
ESTAT:ISOC_BDE15AG(1.0),02/10/23 23:00:00,A,C_ICT,ES,2016,,c
ESTAT:ISOC_BDE15AG(1.0),02/10/23 23:00:00,A,C_ICT,ES,2017,,c
ESTAT:ISOC_BDE15AG(1.0),02/10/23 23:00:00,A,C_ICT,ES,2018,0.08,b
ESTAT:ISOC_BDE15AG(1.0),02/10/23 23:00:00,A,C_ICT,ES,2019,,c
ESTAT:ISOC_BDE15AG(1.0),02/10/23 23:00:00,A,C_ICT,ES,2020,,c
ESTAT:ISOC_BDE15AG(1.0),02/10/23 23:00:00,A,C_ICT,EU27_2020,2008,,b
ESTAT:ISOC_BDE15AG(1.0),02/10/23 23:00:00,A,C_ICT,EU27_2020,2019,,c
ESTAT:ISOC_BDE15AG(1.0),02/10/23 23:00:00,A,C_ICT,EU27_2020,2020,,c
ESTAT:ISOC_BDE15AG(1.0),02/10/23 23:00:00,A,C_ICT,FI,2008,3.2,b
ESTAT:ISOC_BDE15AG(1.0),02/10/23 23:00:00,A,C_ICT,FI,2009,1.34,
ESTAT:ISOC_BDE15AG(1.0),02/10/23 23:00:00,A,C_ICT,FI,2010,1.5,
ESTAT:ISOC_BDE15AG(1.0),02/10/23 23:00:00,A,C_ICT,FI,2011,0.68,
ESTAT:ISOC_BDE15AG(1.0),02/10/23 23:00:00,A,C_ICT,FI,2012,-0.13,
ESTAT:ISOC_BDE15AG(1.0),02/10/23 23:00:00,A,C_ICT,FI,2013,,c
ESTAT:ISOC_BDE15AG(1.0),02/10/23 23:00:00,A,C_ICT,FI,2014,,c
ESTAT:ISOC_BDE15AG(1.0),02/10/23 23:00:00,A,C_ICT,FI,2015,0.24,
ESTAT:ISOC_BDE15AG(1.0),02/10/23 23:00:00,A,C_ICT,FI,2016,,c
ESTAT:ISOC_BDE15AG(1.0),02/10/23 23:00:00,A,C_ICT,FI,2017,0.93,b
ESTAT:ISOC_BDE15AG(1.0),02/10/23 23:00:00,A,C_ICT,FI,2018,0.37,
ESTAT:ISOC_BDE15AG(1.0),02/10/23 23:00:00,A,C_ICT,FI,2019,0.25,
ESTAT:ISOC_BDE15AG(1.0),02/10/23 23:00:00,A,C_ICT,FI,2020,0.93,
ESTAT:ISOC_BDE15AG(1.0),02/10/23 23:00:00,A,C_ICT,FR,2008,0.35,b
ESTAT:ISOC_BDE15AG(1.0),02/10/23 23:00:00,A,C_ICT,FR,2009,0.26,
ESTAT:ISOC_BDE15AG(1.0),02/10/23 23:00:00,A,C_ICT,FR,2010,0.28,
ESTAT:ISOC_BDE15AG(1.0),02/10/23 23:00:00,A,C_ICT,FR,2011,0.3,
ESTAT:ISOC_BDE15AG(1.0),02/10/23 23:00:00,A,C_ICT,FR,2012,0.3,
ESTAT:ISOC_BDE15AG(1.0),02/10/23 23:00:00,A,C_ICT,FR,2013,,c
ESTAT:ISOC_BDE15AG(1.0),02/10/23 23:00:00,A,C_ICT,FR,2014,0.25,b
ESTAT:ISOC_BDE15AG(1.0),02/10/23 23:00:00,A,C_ICT,FR,2015,0.26,b
ESTAT:ISOC_BDE15AG(1.0),02/10/23 23:00:00,A,C_ICT,FR,2016,0.28,
ESTAT:ISOC_BDE15AG(1.0),02/10/23 23:00:00,A,C_ICT,FR,2017,0.24,b
ESTAT:ISOC_BDE15AG(1.0),02/10/23 23:00:00,A,C_ICT,FR,2018,0.43,
ESTAT:ISOC_BDE15AG(1.0),02/10/23 23:00:00,A,C_ICT,FR,2019,0.48,p
ESTAT:ISOC_BDE15AG(1.0),02/10/23 23:00:00,A,C_ICT,FR,2020,0.44,p
ESTAT:ISOC_BDE15AG(1.0),02/10/23 23:00:00,A,C_ICT,HR,2008,0.51,b
ESTAT:ISOC_BDE15AG(1.0),02/10/23 23:00:00,A,C_ICT,HR,2009,0.25,
ESTAT:ISOC_BDE15AG(1.0),02/10/23 23:00:00,A,C_ICT,HR,2010,0.21,
ESTAT:ISOC_BDE15AG(1.0),02/10/23 23:00:00,A,C_ICT,HR,2011,0.17,
ESTAT:ISOC_BDE15AG(1.0),02/10/23 23:00:00,A,C_ICT,HR,2012,0.1,
ESTAT:ISOC_BDE15AG(1.0),02/10/23 23:00:00,A,C_ICT,HR,2013,0.35,
ESTAT:ISOC_BDE15AG(1.0),02/10/23 23:00:00,A,C_ICT,HR,2014,0.36,
ESTAT:ISOC_BDE15AG(1.0),02/10/23 23:00:00,A,C_ICT,HR,2015,0.41,
ESTAT:ISOC_BDE15AG(1.0),02/10/23 23:00:00,A,C_ICT,HR,2016,0.41,
ESTAT:ISOC_BDE15AG(1.0),02/10/23 23:00:00,A,C_ICT,HR,2017,0.4,
ESTAT:ISOC_BDE15AG(1.0),02/10/23 23:00:00,A,C_ICT,HR,2018,0.37,
ESTAT:ISOC_BDE15AG(1.0),02/10/23 23:00:00,A,C_ICT,HR,2019,0.1,b
ESTAT:ISOC_BDE15AG(1.0),02/10/23 23:00:00,A,C_ICT,HR,2020,0.12,
ESTAT:ISOC_BDE15AG(1.0),02/10/23 23:00:00,A,C_ICT,HU,2008,1.74,b
ESTAT:ISOC_BDE15AG(1.0),02/10/23 23:00:00,A,C_ICT,HU,2009,1.62,
ESTAT:ISOC_BDE15AG(1.0),02/10/23 23:00:00,A,C_ICT,HU,2010,1.54,
ESTAT:ISOC_BDE15AG(1.0),02/10/23 23:00:00,A,C_ICT,HU,2011,2.04,
ESTAT:ISOC_BDE15AG(1.0),02/10/23 23:00:00,A,C_ICT,HU,2012,1.85,
ESTAT:ISOC_BDE15AG(1.0),02/10/23 23:00:00,A,C_ICT,HU,2013,1.75,
ESTAT:ISOC_BDE15AG(1.0),02/10/23 23:00:00,A,C_ICT,HU,2014,1.63,
ESTAT:ISOC_BDE15AG(1.0),02/10/23 23:00:00,A,C_ICT,HU,2015,1.65,
ESTAT:ISOC_BDE15AG(1.0),02/10/23 23:00:00,A,C_ICT,HU,2016,1.6,
ESTAT:ISOC_BDE15AG(1.0),02/10/23 23:00:00,A,C_ICT,HU,2017,1.84,
ESTAT:ISOC_BDE15AG(1.0),02/10/23 23:00:00,A,C_ICT,HU,2018,1.65,b
ESTAT:ISOC_BDE15AG(1.0),02/10/23 23:00:00,A,C_ICT,HU,2019,1.78,
ESTAT:ISOC_BDE15AG(1.0),02/10/23 23:00:00,A,C_ICT,HU,2020,1.45,
ESTAT:ISOC_BDE15AG(1.0),02/10/23 23:00:00,A,C_ICT,IE,2008,,c
ESTAT:ISOC_BDE15AG(1.0),02/10/23 23:00:00,A,C_ICT,IE,2009,,c
ESTAT:ISOC_BDE15AG(1.0),02/10/23 23:00:00,A,C_ICT,IE,2010,,c
ESTAT:ISOC_BDE15AG(1.0),02/10/23 23:00:00,A,C_ICT,IE,2011,,c
ESTAT:ISOC_BDE15AG(1.0),02/10/23 23:00:00,A,C_ICT,IE,2012,,c
ESTAT:ISOC_BDE15AG(1.0),02/10/23 23:00:00,A,C_ICT,IE,2013,,c
ESTAT:ISOC_BDE15AG(1.0),02/10/23 23:00:00,A,C_ICT,IE,2014,,c
ESTAT:ISOC_BDE15AG(1.0),02/10/23 23:00:00,A,C_ICT,IE,2015,,c
ESTAT:ISOC_BDE15AG(1.0),02/10/23 23:00:00,A,C_ICT,IE,2016,,c
ESTAT:ISOC_BDE15AG(1.0),02/10/23 23:00:00,A,C_ICT,IE,2017,,c
ESTAT:ISOC_BDE15AG(1.0),02/10/23 23:00:00,A,C_ICT,IE,2018,,c
ESTAT:ISOC_BDE15AG(1.0),02/10/23 23:00:00,A,C_ICT,IE,2019,,c
ESTAT:ISOC_BDE15AG(1.0),02/10/23 23:00:00,A,C_ICT,IE,2020,,c
ESTAT:ISOC_BDE15AG(1.0),02/10/23 23:00:00,A,C_ICT,IS,2008,,b
ESTAT:ISOC_BDE15AG(1.0),02/10/23 23:00:00,A,C_ICT,IS,2016,0,p
ESTAT:ISOC_BDE15AG(1.0),02/10/23 23:00:00,A,C_ICT,IS,2017,0,p
ESTAT:ISOC_BDE15AG(1.0),02/10/23 23:00:00,A,C_ICT,IS,2018,0,
ESTAT:ISOC_BDE15AG(1.0),02/10/23 23:00:00,A,C_ICT,IS,2019,0,p
ESTAT:ISOC_BDE15AG(1.0),02/10/23 23:00:00,A,C_ICT,IS,2020,0,p
ESTAT:ISOC_BDE15AG(1.0),02/10/23 23:00:00,A,C_ICT,IT,2008,0.29,b
ESTAT:ISOC_BDE15AG(1.0),02/10/23 23:00:00,A,C_ICT,IT,2009,0.27,
ESTAT:ISOC_BDE15AG(1.0),02/10/23 23:00:00,A,C_ICT,IT,2010,0.31,
ESTAT:ISOC_BDE15AG(1.0),02/10/23 23:00:00,A,C_ICT,IT,2011,0.31,
ESTAT:ISOC_BDE15AG(1.0),02/10/23 23:00:00,A,C_ICT,IT,2012,0.3,
ESTAT:ISOC_BDE15AG(1.0),02/10/23 23:00:00,A,C_ICT,IT,2013,0.26,
ESTAT:ISOC_BDE15AG(1.0),02/10/23 23:00:00,A,C_ICT,IT,2014,0.24,
ESTAT:ISOC_BDE15AG(1.0),02/10/23 23:00:00,A,C_ICT,IT,2015,0.24,
ESTAT:ISOC_BDE15AG(1.0),02/10/23 23:00:00,A,C_ICT,IT,2016,0.22,
ESTAT:ISOC_BDE15AG(1.0),02/10/23 23:00:00,A,C_ICT,IT,2017,0.24,b
ESTAT:ISOC_BDE15AG(1.0),02/10/23 23:00:00,A,C_ICT,IT,2018,0.24,
ESTAT:ISOC_BDE15AG(1.0),02/10/23 23:00:00,A,C_ICT,IT,2019,0.25,
ESTAT:ISOC_BDE15AG(1.0),02/10/23 23:00:00,A,C_ICT,IT,2020,,c
ESTAT:ISOC_BDE15AG(1.0),02/10/23 23:00:00,A,C_ICT,LT,2008,0.16,b
ESTAT:ISOC_BDE15AG(1.0),02/10/23 23:00:00,A,C_ICT,LT,2009,,c
ESTAT:ISOC_BDE15AG(1.0),02/10/23 23:00:00,A,C_ICT,LT,2010,0.16,
ESTAT:ISOC_BDE15AG(1.0),02/10/23 23:00:00,A,C_ICT,LT,2011,0.15,
ESTAT:ISOC_BDE15AG(1.0),02/10/23 23:00:00,A,C_ICT,LT,2012,0.12,
ESTAT:ISOC_BDE15AG(1.0),02/10/23 23:00:00,A,C_ICT,LT,2013,0.06,
ESTAT:ISOC_BDE15AG(1.0),02/10/23 23:00:00,A,C_ICT,LT,2014,0.07,
ESTAT:ISOC_BDE15AG(1.0),02/10/23 23:00:00,A,C_ICT,LT,2015,0.09,
ESTAT:ISOC_BDE15AG(1.0),02/10/23 23:00:00,A,C_ICT,LT,2016,0.09,
ESTAT:ISOC_BDE15AG(1.0),02/10/23 23:00:00,A,C_ICT,LT,2017,0.12,
ESTAT:ISOC_BDE15AG(1.0),02/10/23 23:00:00,A,C_ICT,LT,2018,0.1,b
ESTAT:ISOC_BDE15AG(1.0),02/10/23 23:00:00,A,C_ICT,LT,2019,0.16,
ESTAT:ISOC_BDE15AG(1.0),02/10/23 23:00:00,A,C_ICT,LT,2020,0.21,
ESTAT:ISOC_BDE15AG(1.0),02/10/23 23:00:00,A,C_ICT,LU,2008,,c
ESTAT:ISOC_BDE15AG(1.0),02/10/23 23:00:00,A,C_ICT,LU,2009,,c
ESTAT:ISOC_BDE15AG(1.0),02/10/23 23:00:00,A,C_ICT,LU,2010,,c
ESTAT:ISOC_BDE15AG(1.0),02/10/23 23:00:00,A,C_ICT,LU,2011,,c
ESTAT:ISOC_BDE15AG(1.0),02/10/23 23:00:00,A,C_ICT,LU,2012,,c
ESTAT:ISOC_BDE15AG(1.0),02/10/23 23:00:00,A,C_ICT,LU,2013,,c
ESTAT:ISOC_BDE15AG(1.0),02/10/23 23:00:00,A,C_ICT,LU,2014,,c
ESTAT:ISOC_BDE15AG(1.0),02/10/23 23:00:00,A,C_ICT,LU,2015,,c
ESTAT:ISOC_BDE15AG(1.0),02/10/23 23:00:00,A,C_ICT,LU,2016,,c
ESTAT:ISOC_BDE15AG(1.0),02/10/23 23:00:00,A,C_ICT,LU,2017,,c
ESTAT:ISOC_BDE15AG(1.0),02/10/23 23:00:00,A,C_ICT,LU,2018,,c
ESTAT:ISOC_BDE15AG(1.0),02/10/23 23:00:00,A,C_ICT,LU,2019,,c
ESTAT:ISOC_BDE15AG(1.0),02/10/23 23:00:00,A,C_ICT,LU,2020,,c
ESTAT:ISOC_BDE15AG(1.0),02/10/23 23:00:00,A,C_ICT,LV,2008,0.2,b
ESTAT:ISOC_BDE15AG(1.0),02/10/23 23:00:00,A,C_ICT,LV,2009,0.18,
ESTAT:ISOC_BDE15AG(1.0),02/10/23 23:00:00,A,C_ICT,LV,2010,0.16,
ESTAT:ISOC_BDE15AG(1.0),02/10/23 23:00:00,A,C_ICT,LV,2011,0.24,
ESTAT:ISOC_BDE15AG(1.0),02/10/23 23:00:00,A,C_ICT,LV,2012,0.23,
ESTAT:ISOC_BDE15AG(1.0),02/10/23 23:00:00,A,C_ICT,LV,2013,0.23,
ESTAT:ISOC_BDE15AG(1.0),02/10/23 23:00:00,A,C_ICT,LV,2014,0.29,
ESTAT:ISOC_BDE15AG(1.0),02/10/23 23:00:00,A,C_ICT,LV,2015,0.46,
ESTAT:ISOC_BDE15AG(1.0),02/10/23 23:00:00,A,C_ICT,LV,2016,0.48,
ESTAT:ISOC_BDE15AG(1.0),02/10/23 23:00:00,A,C_ICT,LV,2017,0.43,
ESTAT:ISOC_BDE15AG(1.0),02/10/23 23:00:00,A,C_ICT,LV,2018,0.4,
ESTAT:ISOC_BDE15AG(1.0),02/10/23 23:00:00,A,C_ICT,LV,2019,0.41,
ESTAT:ISOC_BDE15AG(1.0),02/10/23 23:00:00,A,C_ICT,LV,2020,0.44,
ESTAT:ISOC_BDE15AG(1.0),02/10/23 23:00:00,A,C_ICT,ME,2008,,b
ESTAT:ISOC_BDE15AG(1.0),02/10/23 23:00:00,A,C_ICT,MK,2008,,b
ESTAT:ISOC_BDE15AG(1.0),02/10/23 23:00:00,A,C_ICT,MK,2011,0.08,
ESTAT:ISOC_BDE15AG(1.0),02/10/23 23:00:00,A,C_ICT,MK,2012,0.04,
ESTAT:ISOC_BDE15AG(1.0),02/10/23 23:00:00,A,C_ICT,MK,2013,0.1,
ESTAT:ISOC_BDE15AG(1.0),02/10/23 23:00:00,A,C_ICT,MK,2014,0.11,
ESTAT:ISOC_BDE15AG(1.0),02/10/23 23:00:00,A,C_ICT,MK,2015,0.11,p
ESTAT:ISOC_BDE15AG(1.0),02/10/23 23:00:00,A,C_ICT,MK,2016,,c
ESTAT:ISOC_BDE15AG(1.0),02/10/23 23:00:00,A,C_ICT,MK,2017,,c
ESTAT:ISOC_BDE15AG(1.0),02/10/23 23:00:00,A,C_ICT,MK,2018,,c
ESTAT:ISOC_BDE15AG(1.0),02/10/23 23:00:00,A,C_ICT,MK,2019,,c
ESTAT:ISOC_BDE15AG(1.0),02/10/23 23:00:00,A,C_ICT,MT,2008,,c
ESTAT:ISOC_BDE15AG(1.0),02/10/23 23:00:00,A,C_ICT,MT,2009,,c
ESTAT:ISOC_BDE15AG(1.0),02/10/23 23:00:00,A,C_ICT,MT,2010,,c
ESTAT:ISOC_BDE15AG(1.0),02/10/23 23:00:00,A,C_ICT,MT,2011,,c
ESTAT:ISOC_BDE15AG(1.0),02/10/23 23:00:00,A,C_ICT,MT,2012,,c
ESTAT:ISOC_BDE15AG(1.0),02/10/23 23:00:00,A,C_ICT,MT,2013,,c
ESTAT:ISOC_BDE15AG(1.0),02/10/23 23:00:00,A,C_ICT,MT,2014,,c
ESTAT:ISOC_BDE15AG(1.0),02/10/23 23:00:00,A,C_ICT,MT,2015,,c
ESTAT:ISOC_BDE15AG(1.0),02/10/23 23:00:00,A,C_ICT,MT,2016,,c
ESTAT:ISOC_BDE15AG(1.0),02/10/23 23:00:00,A,C_ICT,MT,2017,0.8,
ESTAT:ISOC_BDE15AG(1.0),02/10/23 23:00:00,A,C_ICT,MT,2018,0.87,
ESTAT:ISOC_BDE15AG(1.0),02/10/23 23:00:00,A,C_ICT,MT,2019,,c
ESTAT:ISOC_BDE15AG(1.0),02/10/23 23:00:00,A,C_ICT,MT,2020,0.69,
ESTAT:ISOC_BDE15AG(1.0),02/10/23 23:00:00,A,C_ICT,NL,2008,,c
ESTAT:ISOC_BDE15AG(1.0),02/10/23 23:00:00,A,C_ICT,NL,2009,,c
ESTAT:ISOC_BDE15AG(1.0),02/10/23 23:00:00,A,C_ICT,NL,2010,,c
ESTAT:ISOC_BDE15AG(1.0),02/10/23 23:00:00,A,C_ICT,NL,2011,,c
ESTAT:ISOC_BDE15AG(1.0),02/10/23 23:00:00,A,C_ICT,NL,2012,,c
ESTAT:ISOC_BDE15AG(1.0),02/10/23 23:00:00,A,C_ICT,NL,2013,0.22,
ESTAT:ISOC_BDE15AG(1.0),02/10/23 23:00:00,A,C_ICT,NL,2014,,c
ESTAT:ISOC_BDE15AG(1.0),02/10/23 23:00:00,A,C_ICT,NL,2015,,c
ESTAT:ISOC_BDE15AG(1.0),02/10/23 23:00:00,A,C_ICT,NL,2016,,c
ESTAT:ISOC_BDE15AG(1.0),02/10/23 23:00:00,A,C_ICT,NL,2017,,c
ESTAT:ISOC_BDE15AG(1.0),02/10/23 23:00:00,A,C_ICT,NL,2018,,c
ESTAT:ISOC_BDE15AG(1.0),02/10/23 23:00:00,A,C_ICT,NL,2019,,c
ESTAT:ISOC_BDE15AG(1.0),02/10/23 23:00:00,A,C_ICT,NL,2020,,c
ESTAT:ISOC_BDE15AG(1.0),02/10/23 23:00:00,A,C_ICT,NO,2008,,b
ESTAT:ISOC_BDE15AG(1.0),02/10/23 23:00:00,A,C_ICT,NO,2009,0.13,
ESTAT:ISOC_BDE15AG(1.0),02/10/23 23:00:00,A,C_ICT,NO,2010,0.13,
ESTAT:ISOC_BDE15AG(1.0),02/10/23 23:00:00,A,C_ICT,NO,2011,0.12,
ESTAT:ISOC_BDE15AG(1.0),02/10/23 23:00:00,A,C_ICT,NO,2012,0.1,
ESTAT:ISOC_BDE15AG(1.0),02/10/23 23:00:00,A,C_ICT,NO,2013,0.09,
ESTAT:ISOC_BDE15AG(1.0),02/10/23 23:00:00,A,C_ICT,NO,2014,0.1,
ESTAT:ISOC_BDE15AG(1.0),02/10/23 23:00:00,A,C_ICT,NO,2015,0.11,
ESTAT:ISOC_BDE15AG(1.0),02/10/23 23:00:00,A,C_ICT,NO,2016,,c
ESTAT:ISOC_BDE15AG(1.0),02/10/23 23:00:00,A,C_ICT,NO,2017,0.09,
ESTAT:ISOC_BDE15AG(1.0),02/10/23 23:00:00,A,C_ICT,NO,2018,0.09,b
ESTAT:ISOC_BDE15AG(1.0),02/10/23 23:00:00,A,C_ICT,NO,2019,0.09,
ESTAT:ISOC_BDE15AG(1.0),02/10/23 23:00:00,A,C_ICT,NO,2020,0.12,
ESTAT:ISOC_BDE15AG(1.0),02/10/23 23:00:00,A,C_ICT,PL,2008,0.38,b
ESTAT:ISOC_BDE15AG(1.0),02/10/23 23:00:00,A,C_ICT,PL,2009,0.34,
ESTAT:ISOC_BDE15AG(1.0),02/10/23 23:00:00,A,C_ICT,PL,2010,0.38,
ESTAT:ISOC_BDE15AG(1.0),02/10/23 23:00:00,A,C_ICT,PL,2011,0.37,
ESTAT:ISOC_BDE15AG(1.0),02/10/23 23:00:00,A,C_ICT,PL,2012,0.29,
ESTAT:ISOC_BDE15AG(1.0),02/10/23 23:00:00,A,C_ICT,PL,2013,0.32,
ESTAT:ISOC_BDE15AG(1.0),02/10/23 23:00:00,A,C_ICT,PL,2014,0.27,
ESTAT:ISOC_BDE15AG(1.0),02/10/23 23:00:00,A,C_ICT,PL,2015,0.27,
ESTAT:ISOC_BDE15AG(1.0),02/10/23 23:00:00,A,C_ICT,PL,2016,0.23,
ESTAT:ISOC_BDE15AG(1.0),02/10/23 23:00:00,A,C_ICT,PL,2017,0.26,
ESTAT:ISOC_BDE15AG(1.0),02/10/23 23:00:00,A,C_ICT,PL,2018,0.31,b
ESTAT:ISOC_BDE15AG(1.0),02/10/23 23:00:00,A,C_ICT,PL,2019,0.3,
ESTAT:ISOC_BDE15AG(1.0),02/10/23 23:00:00,A,C_ICT,PL,2020,0.31,
ESTAT:ISOC_BDE15AG(1.0),02/10/23 23:00:00,A,C_ICT,PT,2008,0.25,b
ESTAT:ISOC_BDE15AG(1.0),02/10/23 23:00:00,A,C_ICT,PT,2009,,c
ESTAT:ISOC_BDE15AG(1.0),02/10/23 23:00:00,A,C_ICT,PT,2010,,c
ESTAT:ISOC_BDE15AG(1.0),02/10/23 23:00:00,A,C_ICT,PT,2011,,c
ESTAT:ISOC_BDE15AG(1.0),02/10/23 23:00:00,A,C_ICT,PT,2012,,c
ESTAT:ISOC_BDE15AG(1.0),02/10/23 23:00:00,A,C_ICT,PT,2013,,c
ESTAT:ISOC_BDE15AG(1.0),02/10/23 23:00:00,A,C_ICT,PT,2014,,c
ESTAT:ISOC_BDE15AG(1.0),02/10/23 23:00:00,A,C_ICT,PT,2015,,c
ESTAT:ISOC_BDE15AG(1.0),02/10/23 23:00:00,A,C_ICT,PT,2016,,c
ESTAT:ISOC_BDE15AG(1.0),02/10/23 23:00:00,A,C_ICT,PT,2017,,c
ESTAT:ISOC_BDE15AG(1.0),02/10/23 23:00:00,A,C_ICT,PT,2018,,c
ESTAT:ISOC_BDE15AG(1.0),02/10/23 23:00:00,A,C_ICT,PT,2019,,c
ESTAT:ISOC_BDE15AG(1.0),02/10/23 23:00:00,A,C_ICT,PT,2020,0.19,
ESTAT:ISOC_BDE15AG(1.0),02/10/23 23:00:00,A,C_ICT,RO,2008,0.21,b
ESTAT:ISOC_BDE15AG(1.0),02/10/23 23:00:00,A,C_ICT,RO,2009,0.25,p
ESTAT:ISOC_BDE15AG(1.0),02/10/23 23:00:00,A,C_ICT,RO,2010,0.24,
ESTAT:ISOC_BDE15AG(1.0),02/10/23 23:00:00,A,C_ICT,RO,2011,0.24,
ESTAT:ISOC_BDE15AG(1.0),02/10/23 23:00:00,A,C_ICT,RO,2012,0.22,
ESTAT:ISOC_BDE15AG(1.0),02/10/23 23:00:00,A,C_ICT,RO,2013,0.19,
ESTAT:ISOC_BDE15AG(1.0),02/10/23 23:00:00,A,C_ICT,RO,2014,0.21,
ESTAT:ISOC_BDE15AG(1.0),02/10/23 23:00:00,A,C_ICT,RO,2015,0.22,
ESTAT:ISOC_BDE15AG(1.0),02/10/23 23:00:00,A,C_ICT,RO,2016,0.24,
ESTAT:ISOC_BDE15AG(1.0),02/10/23 23:00:00,A,C_ICT,RO,2017,0.23,
ESTAT:ISOC_BDE15AG(1.0),02/10/23 23:00:00,A,C_ICT,RO,2018,0.24,b
ESTAT:ISOC_BDE15AG(1.0),02/10/23 23:00:00,A,C_ICT,RO,2019,0.29,
ESTAT:ISOC_BDE15AG(1.0),02/10/23 23:00:00,A,C_ICT,RO,2020,0.29,
ESTAT:ISOC_BDE15AG(1.0),02/10/23 23:00:00,A,C_ICT,RS,2008,,b
ESTAT:ISOC_BDE15AG(1.0),02/10/23 23:00:00,A,C_ICT,RS,2016,,c
ESTAT:ISOC_BDE15AG(1.0),02/10/23 23:00:00,A,C_ICT,RS,2017,0.22,p
ESTAT:ISOC_BDE15AG(1.0),02/10/23 23:00:00,A,C_ICT,RS,2018,0.23,
ESTAT:ISOC_BDE15AG(1.0),02/10/23 23:00:00,A,C_ICT,RS,2019,0.25,
ESTAT:ISOC_BDE15AG(1.0),02/10/23 23:00:00,A,C_ICT,RS,2020,,c
ESTAT:ISOC_BDE15AG(1.0),02/10/23 23:00:00,A,C_ICT,SE,2008,,c
ESTAT:ISOC_BDE15AG(1.0),02/10/23 23:00:00,A,C_ICT,SE,2009,,c
ESTAT:ISOC_BDE15AG(1.0),02/10/23 23:00:00,A,C_ICT,SE,2010,,c
ESTAT:ISOC_BDE15AG(1.0),02/10/23 23:00:00,A,C_ICT,SE,2011,,c
ESTAT:ISOC_BDE15AG(1.0),02/10/23 23:00:00,A,C_ICT,SE,2012,,c
ESTAT:ISOC_BDE15AG(1.0),02/10/23 23:00:00,A,C_ICT,SE,2013,,c
ESTAT:ISOC_BDE15AG(1.0),02/10/23 23:00:00,A,C_ICT,SE,2014,1.16,
ESTAT:ISOC_BDE15AG(1.0),02/10/23 23:00:00,A,C_ICT,SE,2015,,c
ESTAT:ISOC_BDE15AG(1.0),02/10/23 23:00:00,A,C_ICT,SE,2016,,c
ESTAT:ISOC_BDE15AG(1.0),02/10/23 23:00:00,A,C_ICT,SE,2017,,c
ESTAT:ISOC_BDE15AG(1.0),02/10/23 23:00:00,A,C_ICT,SE,2018,0.16,b
ESTAT:ISOC_BDE15AG(1.0),02/10/23 23:00:00,A,C_ICT,SE,2019,0.17,
ESTAT:ISOC_BDE15AG(1.0),02/10/23 23:00:00,A,C_ICT,SE,2020,0.2,
ESTAT:ISOC_BDE15AG(1.0),02/10/23 23:00:00,A,C_ICT,SI,2008,0.27,b
ESTAT:ISOC_BDE15AG(1.0),02/10/23 23:00:00,A,C_ICT,SI,2009,,c
ESTAT:ISOC_BDE15AG(1.0),02/10/23 23:00:00,A,C_ICT,SI,2010,0.37,
ESTAT:ISOC_BDE15AG(1.0),02/10/23 23:00:00,A,C_ICT,SI,2011,0.35,
ESTAT:ISOC_BDE15AG(1.0),02/10/23 23:00:00,A,C_ICT,SI,2012,0.31,
ESTAT:ISOC_BDE15AG(1.0),02/10/23 23:00:00,A,C_ICT,SI,2013,0.31,
ESTAT:ISOC_BDE15AG(1.0),02/10/23 23:00:00,A,C_ICT,SI,2014,0.32,
ESTAT:ISOC_BDE15AG(1.0),02/10/23 23:00:00,A,C_ICT,SI,2015,0.36,
ESTAT:ISOC_BDE15AG(1.0),02/10/23 23:00:00,A,C_ICT,SI,2016,0.36,
ESTAT:ISOC_BDE15AG(1.0),02/10/23 23:00:00,A,C_ICT,SI,2017,0.34,
ESTAT:ISOC_BDE15AG(1.0),02/10/23 23:00:00,A,C_ICT,SI,2018,0.38,
ESTAT:ISOC_BDE15AG(1.0),02/10/23 23:00:00,A,C_ICT,SI,2019,0.33,
ESTAT:ISOC_BDE15AG(1.0),02/10/23 23:00:00,A,C_ICT,SI,2020,0.43,
ESTAT:ISOC_BDE15AG(1.0),02/10/23 23:00:00,A,C_ICT,SK,2008,0.89,b
ESTAT:ISOC_BDE15AG(1.0),02/10/23 23:00:00,A,C_ICT,SK,2009,0.47,
ESTAT:ISOC_BDE15AG(1.0),02/10/23 23:00:00,A,C_ICT,SK,2010,1.24,
ESTAT:ISOC_BDE15AG(1.0),02/10/23 23:00:00,A,C_ICT,SK,2011,0.65,
ESTAT:ISOC_BDE15AG(1.0),02/10/23 23:00:00,A,C_ICT,SK,2012,0.93,
ESTAT:ISOC_BDE15AG(1.0),02/10/23 23:00:00,A,C_ICT,SK,2013,0.73,
ESTAT:ISOC_BDE15AG(1.0),02/10/23 23:00:00,A,C_ICT,SK,2014,0.75,
ESTAT:ISOC_BDE15AG(1.0),02/10/23 23:00:00,A,C_ICT,SK,2015,0.84,
ESTAT:ISOC_BDE15AG(1.0),02/10/23 23:00:00,A,C_ICT,SK,2016,0.53,
ESTAT:ISOC_BDE15AG(1.0),02/10/23 23:00:00,A,C_ICT,SK,2017,0.63,
ESTAT:ISOC_BDE15AG(1.0),02/10/23 23:00:00,A,C_ICT,SK,2018,0.45,
ESTAT:ISOC_BDE15AG(1.0),02/10/23 23:00:00,A,C_ICT,SK,2019,0.35,
ESTAT:ISOC_BDE15AG(1.0),02/10/23 23:00:00,A,C_ICT,SK,2020,0.49,
ESTAT:ISOC_BDE15AG(1.0),02/10/23 23:00:00,A,C_ICT,TR,2008,,b
ESTAT:ISOC_BDE15AG(1.0),02/10/23 23:00:00,A,C_ICT,UK,2008,0.31,b
ESTAT:ISOC_BDE15AG(1.0),02/10/23 23:00:00,A,C_ICT,UK,2009,,c
ESTAT:ISOC_BDE15AG(1.0),02/10/23 23:00:00,A,C_ICT,UK,2010,0.34,
ESTAT:ISOC_BDE15AG(1.0),02/10/23 23:00:00,A,C_ICT,UK,2011,,c
ESTAT:ISOC_BDE15AG(1.0),02/10/23 23:00:00,A,C_ICT,UK,2012,,c
ESTAT:ISOC_BDE15AG(1.0),02/10/23 23:00:00,A,C_ICT,UK,2013,,c
ESTAT:ISOC_BDE15AG(1.0),02/10/23 23:00:00,A,C_ICT,UK,2014,0.2,
ESTAT:ISOC_BDE15AG(1.0),02/10/23 23:00:00,A,C_ICT,UK,2015,0.18,
ESTAT:ISOC_BDE15AG(1.0),02/10/23 23:00:00,A,C_ICT,UK,2016,0.22,b
ESTAT:ISOC_BDE15AG(1.0),02/10/23 23:00:00,A,C_ICT,UK,2017,0.21,
ESTAT:ISOC_BDE15AG(1.0),02/10/23 23:00:00,A,C_ICT,UK,2018,0.21,
ESTAT:ISOC_BDE15AG(1.0),02/10/23 23:00:00,A,G-U_ICT,AT,2008,2.71,b
ESTAT:ISOC_BDE15AG(1.0),02/10/23 23:00:00,A,G-U_ICT,AT,2009,2.69,
ESTAT:ISOC_BDE15AG(1.0),02/10/23 23:00:00,A,G-U_ICT,AT,2010,2.69,
ESTAT:ISOC_BDE15AG(1.0),02/10/23 23:00:00,A,G-U_ICT,AT,2011,2.76,
ESTAT:ISOC_BDE15AG(1.0),02/10/23 23:00:00,A,G-U_ICT,AT,2012,2.69,
ESTAT:ISOC_BDE15AG(1.0),02/10/23 23:00:00,A,G-U_ICT,AT,2013,2.77,
ESTAT:ISOC_BDE15AG(1.0),02/10/23 23:00:00,A,G-U_ICT,AT,2014,2.89,
ESTAT:ISOC_BDE15AG(1.0),02/10/23 23:00:00,A,G-U_ICT,AT,2015,2.94,
ESTAT:ISOC_BDE15AG(1.0),02/10/23 23:00:00,A,G-U_ICT,AT,2016,3.02,
ESTAT:ISOC_BDE15AG(1.0),02/10/23 23:00:00,A,G-U_ICT,AT,2017,3.03,
ESTAT:ISOC_BDE15AG(1.0),02/10/23 23:00:00,A,G-U_ICT,AT,2018,3.07,b
ESTAT:ISOC_BDE15AG(1.0),02/10/23 23:00:00,A,G-U_ICT,AT,2019,3.16,
ESTAT:ISOC_BDE15AG(1.0),02/10/23 23:00:00,A,G-U_ICT,AT,2020,3.19,
ESTAT:ISOC_BDE15AG(1.0),02/10/23 23:00:00,A,G-U_ICT,BA,2008,,b
ESTAT:ISOC_BDE15AG(1.0),02/10/23 23:00:00,A,G-U_ICT,BA,2014,4.94,
ESTAT:ISOC_BDE15AG(1.0),02/10/23 23:00:00,A,G-U_ICT,BA,2015,4.77,be
ESTAT:ISOC_BDE15AG(1.0),02/10/23 23:00:00,A,G-U_ICT,BA,2016,4.55,be
ESTAT:ISOC_BDE15AG(1.0),02/10/23 23:00:00,A,G-U_ICT,BA,2017,4.2,b
ESTAT:ISOC_BDE15AG(1.0),02/10/23 23:00:00,A,G-U_ICT,BA,2018,4.17,b
ESTAT:ISOC_BDE15AG(1.0),02/10/23 23:00:00,A,G-U_ICT,BA,2019,4.43,b
ESTAT:ISOC_BDE15AG(1.0),02/10/23 23:00:00,A,G-U_ICT,BA,2020,4.75,b
ESTAT:ISOC_BDE15AG(1.0),02/10/23 23:00:00,A,G-U_ICT,BE,2008,3.9,b
ESTAT:ISOC_BDE15AG(1.0),02/10/23 23:00:00,A,G-U_ICT,BE,2009,3.97,
ESTAT:ISOC_BDE15AG(1.0),02/10/23 23:00:00,A,G-U_ICT,BE,2010,4.12,
ESTAT:ISOC_BDE15AG(1.0),02/10/23 23:00:00,A,G-U_ICT,BE,2011,3.91,
ESTAT:ISOC_BDE15AG(1.0),02/10/23 23:00:00,A,G-U_ICT,BE,2012,3.92,
ESTAT:ISOC_BDE15AG(1.0),02/10/23 23:00:00,A,G-U_ICT,BE,2013,3.81,
ESTAT:ISOC_BDE15AG(1.0),02/10/23 23:00:00,A,G-U_ICT,BE,2014,3.58,
ESTAT:ISOC_BDE15AG(1.0),02/10/23 23:00:00,A,G-U_ICT,BE,2015,3.6,
ESTAT:ISOC_BDE15AG(1.0),02/10/23 23:00:00,A,G-U_ICT,BE,2016,3.57,
ESTAT:ISOC_BDE15AG(1.0),02/10/23 23:00:00,A,G-U_ICT,BE,2017,3.54,
ESTAT:ISOC_BDE15AG(1.0),02/10/23 23:00:00,A,G-U_ICT,BE,2018,3.75,b
ESTAT:ISOC_BDE15AG(1.0),02/10/23 23:00:00,A,G-U_ICT,BE,2019,3.98,
ESTAT:ISOC_BDE15AG(1.0),02/10/23 23:00:00,A,G-U_ICT,BE,2020,4.11,p
ESTAT:ISOC_BDE15AG(1.0),02/10/23 23:00:00,A,G-U_ICT,BG,2008,4.82,b
ESTAT:ISOC_BDE15AG(1.0),02/10/23 23:00:00,A,G-U_ICT,BG,2009,4.72,
ESTAT:ISOC_BDE15AG(1.0),02/10/23 23:00:00,A,G-U_ICT,BG,2010,4.63,
ESTAT:ISOC_BDE15AG(1.0),02/10/23 23:00:00,A,G-U_ICT,BG,2011,4.46,
ESTAT:ISOC_BDE15AG(1.0),02/10/23 23:00:00,A,G-U_ICT,BG,2012,4.36,
ESTAT:ISOC_BDE15AG(1.0),02/10/23 23:00:00,A,G-U_ICT,BG,2013,4.5,
ESTAT:ISOC_BDE15AG(1.0),02/10/23 23:00:00,A,G-U_ICT,BG,2014,4.66,
ESTAT:ISOC_BDE15AG(1.0),02/10/23 23:00:00,A,G-U_ICT,BG,2015,4.78,
ESTAT:ISOC_BDE15AG(1.0),02/10/23 23:00:00,A,G-U_ICT,BG,2016,5.11,
ESTAT:ISOC_BDE15AG(1.0),02/10/23 23:00:00,A,G-U_ICT,BG,2017,5.43,
ESTAT:ISOC_BDE15AG(1.0),02/10/23 23:00:00,A,G-U_ICT,BG,2018,5.76,b
ESTAT:ISOC_BDE15AG(1.0),02/10/23 23:00:00,A,G-U_ICT,BG,2019,6.42,
ESTAT:ISOC_BDE15AG(1.0),02/10/23 23:00:00,A,G-U_ICT,BG,2020,7.16,
ESTAT:ISOC_BDE15AG(1.0),02/10/23 23:00:00,A,G-U_ICT,CH,2008,,b
ESTAT:ISOC_BDE15AG(1.0),02/10/23 23:00:00,A,G-U_ICT,CY,2008,3.43,b
ESTAT:ISOC_BDE15AG(1.0),02/10/23 23:00:00,A,G-U_ICT,CY,2009,3.35,
ESTAT:ISOC_BDE15AG(1.0),02/10/23 23:00:00,A,G-U_ICT,CY,2010,3.52,
ESTAT:ISOC_BDE15AG(1.0),02/10/23 23:00:00,A,G-U_ICT,CY,2011,3.47,
ESTAT:ISOC_BDE15AG(1.0),02/10/23 23:00:00,A,G-U_ICT,CY,2012,3.64,
ESTAT:ISOC_BDE15AG(1.0),02/10/23 23:00:00,A,G-U_ICT,CY,2013,4.46,
ESTAT:ISOC_BDE15AG(1.0),02/10/23 23:00:00,A,G-U_ICT,CY,2014,5.01,
ESTAT:ISOC_BDE15AG(1.0),02/10/23 23:00:00,A,G-U_ICT,CY,2015,4.93,
ESTAT:ISOC_BDE15AG(1.0),02/10/23 23:00:00,A,G-U_ICT,CY,2016,5.71,
ESTAT:ISOC_BDE15AG(1.0),02/10/23 23:00:00,A,G-U_ICT,CY,2017,6.18,
ESTAT:ISOC_BDE15AG(1.0),02/10/23 23:00:00,A,G-U_ICT,CY,2018,6.2,
ESTAT:ISOC_BDE15AG(1.0),02/10/23 23:00:00,A,G-U_ICT,CY,2019,6.76,
ESTAT:ISOC_BDE15AG(1.0),02/10/23 23:00:00,A,G-U_ICT,CY,2020,8.26,
ESTAT:ISOC_BDE15AG(1.0),02/10/23 23:00:00,A,G-U_ICT,CZ,2008,4.11,b
ESTAT:ISOC_BDE15AG(1.0),02/10/23 23:00:00,A,G-U_ICT,CZ,2009,4.1,
ESTAT:ISOC_BDE15AG(1.0),02/10/23 23:00:00,A,G-U_ICT,CZ,2010,4.01,
ESTAT:ISOC_BDE15AG(1.0),02/10/23 23:00:00,A,G-U_ICT,CZ,2011,3.99,
ESTAT:ISOC_BDE15AG(1.0),02/10/23 23:00:00,A,G-U_ICT,CZ,2012,3.94,
ESTAT:ISOC_BDE15AG(1.0),02/10/23 23:00:00,A,G-U_ICT,CZ,2013,3.9,
ESTAT:ISOC_BDE15AG(1.0),02/10/23 23:00:00,A,G-U_ICT,CZ,2014,3.84,
ESTAT:ISOC_BDE15AG(1.0),02/10/23 23:00:00,A,G-U_ICT,CZ,2015,3.86,
ESTAT:ISOC_BDE15AG(1.0),02/10/23 23:00:00,A,G-U_ICT,CZ,2016,3.87,
ESTAT:ISOC_BDE15AG(1.0),02/10/23 23:00:00,A,G-U_ICT,CZ,2017,4,
ESTAT:ISOC_BDE15AG(1.0),02/10/23 23:00:00,A,G-U_ICT,CZ,2018,4.18,
ESTAT:ISOC_BDE15AG(1.0),02/10/23 23:00:00,A,G-U_ICT,CZ,2019,4.38,
ESTAT:ISOC_BDE15AG(1.0),02/10/23 23:00:00,A,G-U_ICT,CZ,2020,4.66,
ESTAT:ISOC_BDE15AG(1.0),02/10/23 23:00:00,A,G-U_ICT,DE,2008,3.42,b
ESTAT:ISOC_BDE15AG(1.0),02/10/23 23:00:00,A,G-U_ICT,DE,2009,3.78,
ESTAT:ISOC_BDE15AG(1.0),02/10/23 23:00:00,A,G-U_ICT,DE,2010,3.47,
ESTAT:ISOC_BDE15AG(1.0),02/10/23 23:00:00,A,G-U_ICT,DE,2011,3.63,
ESTAT:ISOC_BDE15AG(1.0),02/10/23 23:00:00,A,G-U_ICT,DE,2012,3.66,
ESTAT:ISOC_BDE15AG(1.0),02/10/23 23:00:00,A,G-U_ICT,DE,2013,3.72,
ESTAT:ISOC_BDE15AG(1.0),02/10/23 23:00:00,A,G-U_ICT,DE,2014,3.78,
ESTAT:ISOC_BDE15AG(1.0),02/10/23 23:00:00,A,G-U_ICT,DE,2015,3.8,
ESTAT:ISOC_BDE15AG(1.0),02/10/23 23:00:00,A,G-U_ICT,DE,2016,3.7,
ESTAT:ISOC_BDE15AG(1.0),02/10/23 23:00:00,A,G-U_ICT,DE,2017,3.78,
ESTAT:ISOC_BDE15AG(1.0),02/10/23 23:00:00,A,G-U_ICT,DE,2018,3.96,b
ESTAT:ISOC_BDE15AG(1.0),02/10/23 23:00:00,A,G-U_ICT,DE,2019,3.98,p
ESTAT:ISOC_BDE15AG(1.0),02/10/23 23:00:00,A,G-U_ICT,DE,2020,4.08,p
ESTAT:ISOC_BDE15AG(1.0),02/10/23 23:00:00,A,G-U_ICT,DK,2008,4.37,b
ESTAT:ISOC_BDE15AG(1.0),02/10/23 23:00:00,A,G-U_ICT,DK,2009,4.6,
ESTAT:ISOC_BDE15AG(1.0),02/10/23 23:00:00,A,G-U_ICT,DK,2010,4.4,
ESTAT:ISOC_BDE15AG(1.0),02/10/23 23:00:00,A,G-U_ICT,DK,2011,4.41,
ESTAT:ISOC_BDE15AG(1.0),02/10/23 23:00:00,A,G-U_ICT,DK,2012,4.26,
ESTAT:ISOC_BDE15AG(1.0),02/10/23 23:00:00,A,G-U_ICT,DK,2013,4.35,
ESTAT:ISOC_BDE15AG(1.0),02/10/23 23:00:00,A,G-U_ICT,DK,2014,4.2,
ESTAT:ISOC_BDE15AG(1.0),02/10/23 23:00:00,A,G-U_ICT,DK,2015,4.26,
ESTAT:ISOC_BDE15AG(1.0),02/10/23 23:00:00,A,G-U_ICT,DK,2016,4.34,
ESTAT:ISOC_BDE15AG(1.0),02/10/23 23:00:00,A,G-U_ICT,DK,2017,4.22,
ESTAT:ISOC_BDE15AG(1.0),02/10/23 23:00:00,A,G-U_ICT,DK,2018,4.44,
ESTAT:ISOC_BDE15AG(1.0),02/10/23 23:00:00,A,G-U_ICT,DK,2019,4.32,
ESTAT:ISOC_BDE15AG(1.0),02/10/23 23:00:00,A,G-U_ICT,DK,2020,4.44,
ESTAT:ISOC_BDE15AG(1.0),02/10/23 23:00:00,A,G-U_ICT,EE,2008,3.73,b
ESTAT:ISOC_BDE15AG(1.0),02/10/23 23:00:00,A,G-U_ICT,EE,2009,4.39,
ESTAT:ISOC_BDE15AG(1.0),02/10/23 23:00:00,A,G-U_ICT,EE,2010,4.05,
ESTAT:ISOC_BDE15AG(1.0),02/10/23 23:00:00,A,G-U_ICT,EE,2011,3.98,
ESTAT:ISOC_BDE15AG(1.0),02/10/23 23:00:00,A,G-U_ICT,EE,2012,3.9,
ESTAT:ISOC_BDE15AG(1.0),02/10/23 23:00:00,A,G-U_ICT,EE,2013,3.79,
ESTAT:ISOC_BDE15AG(1.0),02/10/23 23:00:00,A,G-U_ICT,EE,2014,4.02,
ESTAT:ISOC_BDE15AG(1.0),02/10/23 23:00:00,A,G-U_ICT,EE,2015,4.09,
ESTAT:ISOC_BDE15AG(1.0),02/10/23 23:00:00,A,G-U_ICT,EE,2016,4.25,
ESTAT:ISOC_BDE15AG(1.0),02/10/23 23:00:00,A,G-U_ICT,EE,2017,4.47,
ESTAT:ISOC_BDE15AG(1.0),02/10/23 23:00:00,A,G-U_ICT,EE,2018,4.67,b
ESTAT:ISOC_BDE15AG(1.0),02/10/23 23:00:00,A,G-U_ICT,EE,2019,5.2,
ESTAT:ISOC_BDE15AG(1.0),02/10/23 23:00:00,A,G-U_ICT,EE,2020,,c
ESTAT:ISOC_BDE15AG(1.0),02/10/23 23:00:00,A,G-U_ICT,EL,2008,2.57,b
ESTAT:ISOC_BDE15AG(1.0),02/10/23 23:00:00,A,G-U_ICT,EL,2009,2.47,
ESTAT:ISOC_BDE15AG(1.0),02/10/23 23:00:00,A,G-U_ICT,EL,2010,2.11,b
ESTAT:ISOC_BDE15AG(1.0),02/10/23 23:00:00,A,G-U_ICT,EL,2011,2.07,
ESTAT:ISOC_BDE15AG(1.0),02/10/23 23:00:00,A,G-U_ICT,EL,2012,2.03,
ESTAT:ISOC_BDE15AG(1.0),02/10/23 23:00:00,A,G-U_ICT,EL,2013,1.95,
ESTAT:ISOC_BDE15AG(1.0),02/10/23 23:00:00,A,G-U_ICT,EL,2014,2.05,
ESTAT:ISOC_BDE15AG(1.0),02/10/23 23:00:00,A,G-U_ICT,EL,2015,2.23,
ESTAT:ISOC_BDE15AG(1.0),02/10/23 23:00:00,A,G-U_ICT,EL,2016,2.16,
ESTAT:ISOC_BDE15AG(1.0),02/10/23 23:00:00,A,G-U_ICT,EL,2017,1.98,
ESTAT:ISOC_BDE15AG(1.0),02/10/23 23:00:00,A,G-U_ICT,EL,2018,2.45,b
ESTAT:ISOC_BDE15AG(1.0),02/10/23 23:00:00,A,G-U_ICT,EL,2019,2.24,
ESTAT:ISOC_BDE15AG(1.0),02/10/23 23:00:00,A,G-U_ICT,EL,2020,3.19,p
ESTAT:ISOC_BDE15AG(1.0),02/10/23 23:00:00,A,G-U_ICT,ES,2008,3.41,b
ESTAT:ISOC_BDE15AG(1.0),02/10/23 23:00:00,A,G-U_ICT,ES,2009,3.4,
ESTAT:ISOC_BDE15AG(1.0),02/10/23 23:00:00,A,G-U_ICT,ES,2010,3.33,
ESTAT:ISOC_BDE15AG(1.0),02/10/23 23:00:00,A,G-U_ICT,ES,2011,3.32,
ESTAT:ISOC_BDE15AG(1.0),02/10/23 23:00:00,A,G-U_ICT,ES,2012,3.3,
ESTAT:ISOC_BDE15AG(1.0),02/10/23 23:00:00,A,G-U_ICT,ES,2013,3.24,
ESTAT:ISOC_BDE15AG(1.0),02/10/23 23:00:00,A,G-U_ICT,ES,2014,3.12,
ESTAT:ISOC_BDE15AG(1.0),02/10/23 23:00:00,A,G-U_ICT,ES,2015,3.09,
ESTAT:ISOC_BDE15AG(1.0),02/10/23 23:00:00,A,G-U_ICT,ES,2016,3.11,
ESTAT:ISOC_BDE15AG(1.0),02/10/23 23:00:00,A,G-U_ICT,ES,2017,3.22,
ESTAT:ISOC_BDE15AG(1.0),02/10/23 23:00:00,A,G-U_ICT,ES,2018,3.2,b
ESTAT:ISOC_BDE15AG(1.0),02/10/23 23:00:00,A,G-U_ICT,ES,2019,3.34,
ESTAT:ISOC_BDE15AG(1.0),02/10/23 23:00:00,A,G-U_ICT,ES,2020,3.63,p
ESTAT:ISOC_BDE15AG(1.0),02/10/23 23:00:00,A,G-U_ICT,EU27_2020,2008,,b
ESTAT:ISOC_BDE15AG(1.0),02/10/23 23:00:00,A,G-U_ICT,EU27_2020,2019,4.05,u
ESTAT:ISOC_BDE15AG(1.0),02/10/23 23:00:00,A,G-U_ICT,EU27_2020,2020,,c
ESTAT:ISOC_BDE15AG(1.0),02/10/23 23:00:00,A,G-U_ICT,FI,2008,3.46,b
ESTAT:ISOC_BDE15AG(1.0),02/10/23 23:00:00,A,G-U_ICT,FI,2009,3.67,
ESTAT:ISOC_BDE15AG(1.0),02/10/23 23:00:00,A,G-U_ICT,FI,2010,3.67,
ESTAT:ISOC_BDE15AG(1.0),02/10/23 23:00:00,A,G-U_ICT,FI,2011,3.65,
ESTAT:ISOC_BDE15AG(1.0),02/10/23 23:00:00,A,G-U_ICT,FI,2012,3.75,
ESTAT:ISOC_BDE15AG(1.0),02/10/23 23:00:00,A,G-U_ICT,FI,2013,,c
ESTAT:ISOC_BDE15AG(1.0),02/10/23 23:00:00,A,G-U_ICT,FI,2014,4.06,
ESTAT:ISOC_BDE15AG(1.0),02/10/23 23:00:00,A,G-U_ICT,FI,2015,4.3,
ESTAT:ISOC_BDE15AG(1.0),02/10/23 23:00:00,A,G-U_ICT,FI,2016,4.35,
ESTAT:ISOC_BDE15AG(1.0),02/10/23 23:00:00,A,G-U_ICT,FI,2017,4.49,b
ESTAT:ISOC_BDE15AG(1.0),02/10/23 23:00:00,A,G-U_ICT,FI,2018,4.48,
ESTAT:ISOC_BDE15AG(1.0),02/10/23 23:00:00,A,G-U_ICT,FI,2019,4.66,
ESTAT:ISOC_BDE15AG(1.0),02/10/23 23:00:00,A,G-U_ICT,FI,2020,4.86,
ESTAT:ISOC_BDE15AG(1.0),02/10/23 23:00:00,A,G-U_ICT,FR,2008,3.69,b
ESTAT:ISOC_BDE15AG(1.0),02/10/23 23:00:00,A,G-U_ICT,FR,2009,3.74,
ESTAT:ISOC_BDE15AG(1.0),02/10/23 23:00:00,A,G-U_ICT,FR,2010,3.75,
ESTAT:ISOC_BDE15AG(1.0),02/10/23 23:00:00,A,G-U_ICT,FR,2011,3.77,
ESTAT:ISOC_BDE15AG(1.0),02/10/23 23:00:00,A,G-U_ICT,FR,2012,3.71,
ESTAT:ISOC_BDE15AG(1.0),02/10/23 23:00:00,A,G-U_ICT,FR,2013,3.59,
ESTAT:ISOC_BDE15AG(1.0),02/10/23 23:00:00,A,G-U_ICT,FR,2014,3.58,b
ESTAT:ISOC_BDE15AG(1.0),02/10/23 23:00:00,A,G-U_ICT,FR,2015,3.63,b
ESTAT:ISOC_BDE15AG(1.0),02/10/23 23:00:00,A,G-U_ICT,FR,2016,3.72,
ESTAT:ISOC_BDE15AG(1.0),02/10/23 23:00:00,A,G-U_ICT,FR,2017,4.09,b
ESTAT:ISOC_BDE15AG(1.0),02/10/23 23:00:00,A,G-U_ICT,FR,2018,3.88,
ESTAT:ISOC_BDE15AG(1.0),02/10/23 23:00:00,A,G-U_ICT,FR,2019,3.93,p
ESTAT:ISOC_BDE15AG(1.0),02/10/23 23:00:00,A,G-U_ICT,FR,2020,4.28,p
ESTAT:ISOC_BDE15AG(1.0),02/10/23 23:00:00,A,G-U_ICT,HR,2008,3.62,b
ESTAT:ISOC_BDE15AG(1.0),02/10/23 23:00:00,A,G-U_ICT,HR,2009,3.79,
ESTAT:ISOC_BDE15AG(1.0),02/10/23 23:00:00,A,G-U_ICT,HR,2010,4.33,
ESTAT:ISOC_BDE15AG(1.0),02/10/23 23:00:00,A,G-U_ICT,HR,2011,3.81,
ESTAT:ISOC_BDE15AG(1.0),02/10/23 23:00:00,A,G-U_ICT,HR,2012,3.73,
ESTAT:ISOC_BDE15AG(1.0),02/10/23 23:00:00,A,G-U_ICT,HR,2013,3.69,
ESTAT:ISOC_BDE15AG(1.0),02/10/23 23:00:00,A,G-U_ICT,HR,2014,3.65,
ESTAT:ISOC_BDE15AG(1.0),02/10/23 23:00:00,A,G-U_ICT,HR,2015,3.72,
ESTAT:ISOC_BDE15AG(1.0),02/10/23 23:00:00,A,G-U_ICT,HR,2016,3.74,
ESTAT:ISOC_BDE15AG(1.0),02/10/23 23:00:00,A,G-U_ICT,HR,2017,3.9,
ESTAT:ISOC_BDE15AG(1.0),02/10/23 23:00:00,A,G-U_ICT,HR,2018,4,
ESTAT:ISOC_BDE15AG(1.0),02/10/23 23:00:00,A,G-U_ICT,HR,2019,4.37,b
ESTAT:ISOC_BDE15AG(1.0),02/10/23 23:00:00,A,G-U_ICT,HR,2020,4.87,
ESTAT:ISOC_BDE15AG(1.0),02/10/23 23:00:00,A,G-U_ICT,HU,2008,4.05,b
ESTAT:ISOC_BDE15AG(1.0),02/10/23 23:00:00,A,G-U_ICT,HU,2009,4.08,
ESTAT:ISOC_BDE15AG(1.0),02/10/23 23:00:00,A,G-U_ICT,HU,2010,4.08,
ESTAT:ISOC_BDE15AG(1.0),02/10/23 23:00:00,A,G-U_ICT,HU,2011,3.86,
ESTAT:ISOC_BDE15AG(1.0),02/10/23 23:00:00,A,G-U_ICT,HU,2012,3.84,
ESTAT:ISOC_BDE15AG(1.0),02/10/23 23:00:00,A,G-U_ICT,HU,2013,4.04,
ESTAT:ISOC_BDE15AG(1.0),02/10/23 23:00:00,A,G-U_ICT,HU,2014,3.95,
ESTAT:ISOC_BDE15AG(1.0),02/10/23 23:00:00,A,G-U_ICT,HU,2015,4.07,
ESTAT:ISOC_BDE15AG(1.0),02/10/23 23:00:00,A,G-U_ICT,HU,2016,4.02,
ESTAT:ISOC_BDE15AG(1.0),02/10/23 23:00:00,A,G-U_ICT,HU,2017,4.12,
ESTAT:ISOC_BDE15AG(1.0),02/10/23 23:00:00,A,G-U_ICT,HU,2018,4.3,b
ESTAT:ISOC_BDE15AG(1.0),02/10/23 23:00:00,A,G-U_ICT,HU,2019,4.35,
ESTAT:ISOC_BDE15AG(1.0),02/10/23 23:00:00,A,G-U_ICT,HU,2020,4.55,
ESTAT:ISOC_BDE15AG(1.0),02/10/23 23:00:00,A,G-U_ICT,IE,2008,,c
ESTAT:ISOC_BDE15AG(1.0),02/10/23 23:00:00,A,G-U_ICT,IE,2009,,c
ESTAT:ISOC_BDE15AG(1.0),02/10/23 23:00:00,A,G-U_ICT,IE,2010,,c
ESTAT:ISOC_BDE15AG(1.0),02/10/23 23:00:00,A,G-U_ICT,IE,2011,,c
ESTAT:ISOC_BDE15AG(1.0),02/10/23 23:00:00,A,G-U_ICT,IE,2012,,c
ESTAT:ISOC_BDE15AG(1.0),02/10/23 23:00:00,A,G-U_ICT,IE,2013,,c
ESTAT:ISOC_BDE15AG(1.0),02/10/23 23:00:00,A,G-U_ICT,IE,2014,,c
ESTAT:ISOC_BDE15AG(1.0),02/10/23 23:00:00,A,G-U_ICT,IE,2015,,c
ESTAT:ISOC_BDE15AG(1.0),02/10/23 23:00:00,A,G-U_ICT,IE,2016,,c
ESTAT:ISOC_BDE15AG(1.0),02/10/23 23:00:00,A,G-U_ICT,IE,2017,,c
ESTAT:ISOC_BDE15AG(1.0),02/10/23 23:00:00,A,G-U_ICT,IE,2018,,c
ESTAT:ISOC_BDE15AG(1.0),02/10/23 23:00:00,A,G-U_ICT,IE,2019,,c
ESTAT:ISOC_BDE15AG(1.0),02/10/23 23:00:00,A,G-U_ICT,IE,2020,,c
ESTAT:ISOC_BDE15AG(1.0),02/10/23 23:00:00,A,G-U_ICT,IS,2008,,b
ESTAT:ISOC_BDE15AG(1.0),02/10/23 23:00:00,A,G-U_ICT,IS,2016,4.21,p
ESTAT:ISOC_BDE15AG(1.0),02/10/23 23:00:00,A,G-U_ICT,IS,2017,4.18,p
ESTAT:ISOC_BDE15AG(1.0),02/10/23 23:00:00,A,G-U_ICT,IS,2018,4.03,
ESTAT:ISOC_BDE15AG(1.0),02/10/23 23:00:00,A,G-U_ICT,IS,2019,4.2,p
ESTAT:ISOC_BDE15AG(1.0),02/10/23 23:00:00,A,G-U_ICT,IS,2020,4.63,p
ESTAT:ISOC_BDE15AG(1.0),02/10/23 23:00:00,A,G-U_ICT,IT,2008,3.09,b
ESTAT:ISOC_BDE15AG(1.0),02/10/23 23:00:00,A,G-U_ICT,IT,2009,3.07,
ESTAT:ISOC_BDE15AG(1.0),02/10/23 23:00:00,A,G-U_ICT,IT,2010,3.16,
ESTAT:ISOC_BDE15AG(1.0),02/10/23 23:00:00,A,G-U_ICT,IT,2011,3.1,
ESTAT:ISOC_BDE15AG(1.0),02/10/23 23:00:00,A,G-U_ICT,IT,2012,3.17,
ESTAT:ISOC_BDE15AG(1.0),02/10/23 23:00:00,A,G-U_ICT,IT,2013,2.99,
ESTAT:ISOC_BDE15AG(1.0),02/10/23 23:00:00,A,G-U_ICT,IT,2014,2.98,
ESTAT:ISOC_BDE15AG(1.0),02/10/23 23:00:00,A,G-U_ICT,IT,2015,2.98,
ESTAT:ISOC_BDE15AG(1.0),02/10/23 23:00:00,A,G-U_ICT,IT,2016,3.05,
ESTAT:ISOC_BDE15AG(1.0),02/10/23 23:00:00,A,G-U_ICT,IT,2017,3.09,b
ESTAT:ISOC_BDE15AG(1.0),02/10/23 23:00:00,A,G-U_ICT,IT,2018,3.05,
ESTAT:ISOC_BDE15AG(1.0),02/10/23 23:00:00,A,G-U_ICT,IT,2019,3.1,
ESTAT:ISOC_BDE15AG(1.0),02/10/23 23:00:00,A,G-U_ICT,IT,2020,3.28,
ESTAT:ISOC_BDE15AG(1.0),02/10/23 23:00:00,A,G-U_ICT,LT,2008,2,b
ESTAT:ISOC_BDE15AG(1.0),02/10/23 23:00:00,A,G-U_ICT,LT,2009,2.35,
ESTAT:ISOC_BDE15AG(1.0),02/10/23 23:00:00,A,G-U_ICT,LT,2010,2.29,
ESTAT:ISOC_BDE15AG(1.0),02/10/23 23:00:00,A,G-U_ICT,LT,2011,2.34,
ESTAT:ISOC_BDE15AG(1.0),02/10/23 23:00:00,A,G-U_ICT,LT,2012,2.37,
ESTAT:ISOC_BDE15AG(1.0),02/10/23 23:00:00,A,G-U_ICT,LT,2013,2.35,
ESTAT:ISOC_BDE15AG(1.0),02/10/23 23:00:00,A,G-U_ICT,LT,2014,2.49,
ESTAT:ISOC_BDE15AG(1.0),02/10/23 23:00:00,A,G-U_ICT,LT,2015,2.87,
ESTAT:ISOC_BDE15AG(1.0),02/10/23 23:00:00,A,G-U_ICT,LT,2016,2.9,
ESTAT:ISOC_BDE15AG(1.0),02/10/23 23:00:00,A,G-U_ICT,LT,2017,2.9,
ESTAT:ISOC_BDE15AG(1.0),02/10/23 23:00:00,A,G-U_ICT,LT,2018,3.03,b
ESTAT:ISOC_BDE15AG(1.0),02/10/23 23:00:00,A,G-U_ICT,LT,2019,3.33,
ESTAT:ISOC_BDE15AG(1.0),02/10/23 23:00:00,A,G-U_ICT,LT,2020,3.6,
ESTAT:ISOC_BDE15AG(1.0),02/10/23 23:00:00,A,G-U_ICT,LU,2008,5.89,b
ESTAT:ISOC_BDE15AG(1.0),02/10/23 23:00:00,A,G-U_ICT,LU,2009,6.27,
ESTAT:ISOC_BDE15AG(1.0),02/10/23 23:00:00,A,G-U_ICT,LU,2010,6.71,
ESTAT:ISOC_BDE15AG(1.0),02/10/23 23:00:00,A,G-U_ICT,LU,2011,7.01,
ESTAT:ISOC_BDE15AG(1.0),02/10/23 23:00:00,A,G-U_ICT,LU,2012,6.9,
ESTAT:ISOC_BDE15AG(1.0),02/10/23 23:00:00,A,G-U_ICT,LU,2013,6.84,
ESTAT:ISOC_BDE15AG(1.0),02/10/23 23:00:00,A,G-U_ICT,LU,2014,7.68,
ESTAT:ISOC_BDE15AG(1.0),02/10/23 23:00:00,A,G-U_ICT,LU,2015,7.06,
ESTAT:ISOC_BDE15AG(1.0),02/10/23 23:00:00,A,G-U_ICT,LU,2016,6.4,
ESTAT:ISOC_BDE15AG(1.0),02/10/23 23:00:00,A,G-U_ICT,LU,2017,6.41,
ESTAT:ISOC_BDE15AG(1.0),02/10/23 23:00:00,A,G-U_ICT,LU,2018,6.72,
ESTAT:ISOC_BDE15AG(1.0),02/10/23 23:00:00,A,G-U_ICT,LU,2019,6.87,
ESTAT:ISOC_BDE15AG(1.0),02/10/23 23:00:00,A,G-U_ICT,LU,2020,6.2,
ESTAT:ISOC_BDE15AG(1.0),02/10/23 23:00:00,A,G-U_ICT,LV,2008,3.08,b
ESTAT:ISOC_BDE15AG(1.0),02/10/23 23:00:00,A,G-U_ICT,LV,2009,3.18,
ESTAT:ISOC_BDE15AG(1.0),02/10/23 23:00:00,A,G-U_ICT,LV,2010,3.35,
ESTAT:ISOC_BDE15AG(1.0),02/10/23 23:00:00,A,G-U_ICT,LV,2011,3.16,
ESTAT:ISOC_BDE15AG(1.0),02/10/23 23:00:00,A,G-U_ICT,LV,2012,3.23,
ESTAT:ISOC_BDE15AG(1.0),02/10/23 23:00:00,A,G-U_ICT,LV,2013,3.52,
ESTAT:ISOC_BDE15AG(1.0),02/10/23 23:00:00,A,G-U_ICT,LV,2014,3.45,
ESTAT:ISOC_BDE15AG(1.0),02/10/23 23:00:00,A,G-U_ICT,LV,2015,3.69,
ESTAT:ISOC_BDE15AG(1.0),02/10/23 23:00:00,A,G-U_ICT,LV,2016,4.06,
ESTAT:ISOC_BDE15AG(1.0),02/10/23 23:00:00,A,G-U_ICT,LV,2017,4.27,
ESTAT:ISOC_BDE15AG(1.0),02/10/23 23:00:00,A,G-U_ICT,LV,2018,4.52,
ESTAT:ISOC_BDE15AG(1.0),02/10/23 23:00:00,A,G-U_ICT,LV,2019,4.93,
ESTAT:ISOC_BDE15AG(1.0),02/10/23 23:00:00,A,G-U_ICT,LV,2020,5.22,
ESTAT:ISOC_BDE15AG(1.0),02/10/23 23:00:00,A,G-U_ICT,ME,2008,,b
ESTAT:ISOC_BDE15AG(1.0),02/10/23 23:00:00,A,G-U_ICT,MK,2008,,b
ESTAT:ISOC_BDE15AG(1.0),02/10/23 23:00:00,A,G-U_ICT,MK,2011,4.08,
ESTAT:ISOC_BDE15AG(1.0),02/10/23 23:00:00,A,G-U_ICT,MK,2012,4.08,
ESTAT:ISOC_BDE15AG(1.0),02/10/23 23:00:00,A,G-U_ICT,MK,2013,3.45,
ESTAT:ISOC_BDE15AG(1.0),02/10/23 23:00:00,A,G-U_ICT,MK,2014,3.15,
ESTAT:ISOC_BDE15AG(1.0),02/10/23 23:00:00,A,G-U_ICT,MK,2015,3.15,p
ESTAT:ISOC_BDE15AG(1.0),02/10/23 23:00:00,A,G-U_ICT,MK,2016,,c
ESTAT:ISOC_BDE15AG(1.0),02/10/23 23:00:00,A,G-U_ICT,MK,2017,,c
ESTAT:ISOC_BDE15AG(1.0),02/10/23 23:00:00,A,G-U_ICT,MK,2018,,c
ESTAT:ISOC_BDE15AG(1.0),02/10/23 23:00:00,A,G-U_ICT,MK,2019,,c
ESTAT:ISOC_BDE15AG(1.0),02/10/23 23:00:00,A,G-U_ICT,MT,2008,,c
ESTAT:ISOC_BDE15AG(1.0),02/10/23 23:00:00,A,G-U_ICT,MT,2009,,c
ESTAT:ISOC_BDE15AG(1.0),02/10/23 23:00:00,A,G-U_ICT,MT,2010,,c
ESTAT:ISOC_BDE15AG(1.0),02/10/23 23:00:00,A,G-U_ICT,MT,2011,,c
ESTAT:ISOC_BDE15AG(1.0),02/10/23 23:00:00,A,G-U_ICT,MT,2012,,c
ESTAT:ISOC_BDE15AG(1.0),02/10/23 23:00:00,A,G-U_ICT,MT,2013,,c
ESTAT:ISOC_BDE15AG(1.0),02/10/23 23:00:00,A,G-U_ICT,MT,2014,,c
ESTAT:ISOC_BDE15AG(1.0),02/10/23 23:00:00,A,G-U_ICT,MT,2015,,c
ESTAT:ISOC_BDE15AG(1.0),02/10/23 23:00:00,A,G-U_ICT,MT,2016,,c
ESTAT:ISOC_BDE15AG(1.0),02/10/23 23:00:00,A,G-U_ICT,MT,2017,6.97,
ESTAT:ISOC_BDE15AG(1.0),02/10/23 23:00:00,A,G-U_ICT,MT,2018,6.56,
ESTAT:ISOC_BDE15AG(1.0),02/10/23 23:00:00,A,G-U_ICT,MT,2019,5.85,
ESTAT:ISOC_BDE15AG(1.0),02/10/23 23:00:00,A,G-U_ICT,MT,2020,7.33,
ESTAT:ISOC_BDE15AG(1.0),02/10/23 23:00:00,A,G-U_ICT,NL,2008,4.29,b
ESTAT:ISOC_BDE15AG(1.0),02/10/23 23:00:00,A,G-U_ICT,NL,2009,,c
ESTAT:ISOC_BDE15AG(1.0),02/10/23 23:00:00,A,G-U_ICT,NL,2010,,c
ESTAT:ISOC_BDE15AG(1.0),02/10/23 23:00:00,A,G-U_ICT,NL,2011,4.5,
ESTAT:ISOC_BDE15AG(1.0),02/10/23 23:00:00,A,G-U_ICT,NL,2012,4.59,
ESTAT:ISOC_BDE15AG(1.0),02/10/23 23:00:00,A,G-U_ICT,NL,2013,4.68,
ESTAT:ISOC_BDE15AG(1.0),02/10/23 23:00:00,A,G-U_ICT,NL,2014,4.51,
ESTAT:ISOC_BDE15AG(1.0),02/10/23 23:00:00,A,G-U_ICT,NL,2015,4.47,
ESTAT:ISOC_BDE15AG(1.0),02/10/23 23:00:00,A,G-U_ICT,NL,2016,4.76,
ESTAT:ISOC_BDE15AG(1.0),02/10/23 23:00:00,A,G-U_ICT,NL,2017,4.68,
ESTAT:ISOC_BDE15AG(1.0),02/10/23 23:00:00,A,G-U_ICT,NL,2018,4.71,
ESTAT:ISOC_BDE15AG(1.0),02/10/23 23:00:00,A,G-U_ICT,NL,2019,4.69,
ESTAT:ISOC_BDE15AG(1.0),02/10/23 23:00:00,A,G-U_ICT,NL,2020,5.01,
ESTAT:ISOC_BDE15AG(1.0),02/10/23 23:00:00,A,G-U_ICT,NO,2008,,b
ESTAT:ISOC_BDE15AG(1.0),02/10/23 23:00:00,A,G-U_ICT,NO,2009,3.3,
ESTAT:ISOC_BDE15AG(1.0),02/10/23 23:00:00,A,G-U_ICT,NO,2010,3.22,
ESTAT:ISOC_BDE15AG(1.0),02/10/23 23:00:00,A,G-U_ICT,NO,2011,3.02,
ESTAT:ISOC_BDE15AG(1.0),02/10/23 23:00:00,A,G-U_ICT,NO,2012,3.08,
ESTAT:ISOC_BDE15AG(1.0),02/10/23 23:00:00,A,G-U_ICT,NO,2013,3.07,
ESTAT:ISOC_BDE15AG(1.0),02/10/23 23:00:00,A,G-U_ICT,NO,2014,3.17,
ESTAT:ISOC_BDE15AG(1.0),02/10/23 23:00:00,A,G-U_ICT,NO,2015,3.27,
ESTAT:ISOC_BDE15AG(1.0),02/10/23 23:00:00,A,G-U_ICT,NO,2016,3.36,
ESTAT:ISOC_BDE15AG(1.0),02/10/23 23:00:00,A,G-U_ICT,NO,2017,3.31,
ESTAT:ISOC_BDE15AG(1.0),02/10/23 23:00:00,A,G-U_ICT,NO,2018,3.26,b
ESTAT:ISOC_BDE15AG(1.0),02/10/23 23:00:00,A,G-U_ICT,NO,2019,3.64,
ESTAT:ISOC_BDE15AG(1.0),02/10/23 23:00:00,A,G-U_ICT,NO,2020,3.92,
ESTAT:ISOC_BDE15AG(1.0),02/10/23 23:00:00,A,G-U_ICT,PL,2008,3,b
ESTAT:ISOC_BDE15AG(1.0),02/10/23 23:00:00,A,G-U_ICT,PL,2009,2.73,
ESTAT:ISOC_BDE15AG(1.0),02/10/23 23:00:00,A,G-U_ICT,PL,2010,2.83,
ESTAT:ISOC_BDE15AG(1.0),02/10/23 23:00:00,A,G-U_ICT,PL,2011,2.93,
ESTAT:ISOC_BDE15AG(1.0),02/10/23 23:00:00,A,G-U_ICT,PL,2012,2.87,
ESTAT:ISOC_BDE15AG(1.0),02/10/23 23:00:00,A,G-U_ICT,PL,2013,2.74,
ESTAT:ISOC_BDE15AG(1.0),02/10/23 23:00:00,A,G-U_ICT,PL,2014,2.82,
ESTAT:ISOC_BDE15AG(1.0),02/10/23 23:00:00,A,G-U_ICT,PL,2015,2.88,
ESTAT:ISOC_BDE15AG(1.0),02/10/23 23:00:00,A,G-U_ICT,PL,2016,3,
ESTAT:ISOC_BDE15AG(1.0),02/10/23 23:00:00,A,G-U_ICT,PL,2017,3.08,
ESTAT:ISOC_BDE15AG(1.0),02/10/23 23:00:00,A,G-U_ICT,PL,2018,3.27,b
ESTAT:ISOC_BDE15AG(1.0),02/10/23 23:00:00,A,G-U_ICT,PL,2019,3.33,
ESTAT:ISOC_BDE15AG(1.0),02/10/23 23:00:00,A,G-U_ICT,PL,2020,3.46,
ESTAT:ISOC_BDE15AG(1.0),02/10/23 23:00:00,A,G-U_ICT,PT,2008,3.33,b
ESTAT:ISOC_BDE15AG(1.0),02/10/23 23:00:00,A,G-U_ICT,PT,2009,3.33,
ESTAT:ISOC_BDE15AG(1.0),02/10/23 23:00:00,A,G-U_ICT,PT,2010,3.36,
ESTAT:ISOC_BDE15AG(1.0),02/10/23 23:00:00,A,G-U_ICT,PT,2011,3.18,
ESTAT:ISOC_BDE15AG(1.0),02/10/23 23:00:00,A,G-U_ICT,PT,2012,3.18,
ESTAT:ISOC_BDE15AG(1.0),02/10/23 23:00:00,A,G-U_ICT,PT,2013,3.02,
ESTAT:ISOC_BDE15AG(1.0),02/10/23 23:00:00,A,G-U_ICT,PT,2014,3,
ESTAT:ISOC_BDE15AG(1.0),02/10/23 23:00:00,A,G-U_ICT,PT,2015,2.99,
ESTAT:ISOC_BDE15AG(1.0),02/10/23 23:00:00,A,G-U_ICT,PT,2016,3.05,
ESTAT:ISOC_BDE15AG(1.0),02/10/23 23:00:00,A,G-U_ICT,PT,2017,3.09,
ESTAT:ISOC_BDE15AG(1.0),02/10/23 23:00:00,A,G-U_ICT,PT,2018,3.14,
ESTAT:ISOC_BDE15AG(1.0),02/10/23 23:00:00,A,G-U_ICT,PT,2019,3.41,
ESTAT:ISOC_BDE15AG(1.0),02/10/23 23:00:00,A,G-U_ICT,PT,2020,4.02,
ESTAT:ISOC_BDE15AG(1.0),02/10/23 23:00:00,A,G-U_ICT,RO,2008,2.95,b
ESTAT:ISOC_BDE15AG(1.0),02/10/23 23:00:00,A,G-U_ICT,RO,2009,2.87,p
ESTAT:ISOC_BDE15AG(1.0),02/10/23 23:00:00,A,G-U_ICT,RO,2010,2.8,
ESTAT:ISOC_BDE15AG(1.0),02/10/23 23:00:00,A,G-U_ICT,RO,2011,2.69,
ESTAT:ISOC_BDE15AG(1.0),02/10/23 23:00:00,A,G-U_ICT,RO,2012,2.8,
ESTAT:ISOC_BDE15AG(1.0),02/10/23 23:00:00,A,G-U_ICT,RO,2013,2.96,
ESTAT:ISOC_BDE15AG(1.0),02/10/23 23:00:00,A,G-U_ICT,RO,2014,3.1,
ESTAT:ISOC_BDE15AG(1.0),02/10/23 23:00:00,A,G-U_ICT,RO,2015,3.13,
ESTAT:ISOC_BDE15AG(1.0),02/10/23 23:00:00,A,G-U_ICT,RO,2016,3.39,
ESTAT:ISOC_BDE15AG(1.0),02/10/23 23:00:00,A,G-U_ICT,RO,2017,3.33,
ESTAT:ISOC_BDE15AG(1.0),02/10/23 23:00:00,A,G-U_ICT,RO,2018,3.47,b
ESTAT:ISOC_BDE15AG(1.0),02/10/23 23:00:00,A,G-U_ICT,RO,2019,3.42,
ESTAT:ISOC_BDE15AG(1.0),02/10/23 23:00:00,A,G-U_ICT,RO,2020,3.97,
ESTAT:ISOC_BDE15AG(1.0),02/10/23 23:00:00,A,G-U_ICT,RS,2008,,b
ESTAT:ISOC_BDE15AG(1.0),02/10/23 23:00:00,A,G-U_ICT,RS,2016,4.13,p
ESTAT:ISOC_BDE15AG(1.0),02/10/23 23:00:00,A,G-U_ICT,RS,2017,4.2,p
ESTAT:ISOC_BDE15AG(1.0),02/10/23 23:00:00,A,G-U_ICT,RS,2018,4.28,
ESTAT:ISOC_BDE15AG(1.0),02/10/23 23:00:00,A,G-U_ICT,RS,2019,4.67,
ESTAT:ISOC_BDE15AG(1.0),02/10/23 23:00:00,A,G-U_ICT,RS,2020,5.46,
ESTAT:ISOC_BDE15AG(1.0),02/10/23 23:00:00,A,G-U_ICT,SE,2008,4.9,b
ESTAT:ISOC_BDE15AG(1.0),02/10/23 23:00:00,A,G-U_ICT,SE,2009,,c
ESTAT:ISOC_BDE15AG(1.0),02/10/23 23:00:00,A,G-U_ICT,SE,2010,,c
ESTAT:ISOC_BDE15AG(1.0),02/10/23 23:00:00,A,G-U_ICT,SE,2011,,c
ESTAT:ISOC_BDE15AG(1.0),02/10/23 23:00:00,A,G-U_ICT,SE,2012,4.98,
ESTAT:ISOC_BDE15AG(1.0),02/10/23 23:00:00,A,G-U_ICT,SE,2013,5.02,
ESTAT:ISOC_BDE15AG(1.0),02/10/23 23:00:00,A,G-U_ICT,SE,2014,5.12,
ESTAT:ISOC_BDE15AG(1.0),02/10/23 23:00:00,A,G-U_ICT,SE,2015,6.07,
ESTAT:ISOC_BDE15AG(1.0),02/10/23 23:00:00,A,G-U_ICT,SE,2016,5.57,
ESTAT:ISOC_BDE15AG(1.0),02/10/23 23:00:00,A,G-U_ICT,SE,2017,4.95,
ESTAT:ISOC_BDE15AG(1.0),02/10/23 23:00:00,A,G-U_ICT,SE,2018,5.78,b
ESTAT:ISOC_BDE15AG(1.0),02/10/23 23:00:00,A,G-U_ICT,SE,2019,6.31,
ESTAT:ISOC_BDE15AG(1.0),02/10/23 23:00:00,A,G-U_ICT,SE,2020,6.89,
ESTAT:ISOC_BDE15AG(1.0),02/10/23 23:00:00,A,G-U_ICT,SI,2008,3.07,b
ESTAT:ISOC_BDE15AG(1.0),02/10/23 23:00:00,A,G-U_ICT,SI,2009,2.85,
ESTAT:ISOC_BDE15AG(1.0),02/10/23 23:00:00,A,G-U_ICT,SI,2010,3.13,
ESTAT:ISOC_BDE15AG(1.0),02/10/23 23:00:00,A,G-U_ICT,SI,2011,3.12,
ESTAT:ISOC_BDE15AG(1.0),02/10/23 23:00:00,A,G-U_ICT,SI,2012,3.24,
ESTAT:ISOC_BDE15AG(1.0),02/10/23 23:00:00,A,G-U_ICT,SI,2013,3.26,
ESTAT:ISOC_BDE15AG(1.0),02/10/23 23:00:00,A,G-U_ICT,SI,2014,3.26,
ESTAT:ISOC_BDE15AG(1.0),02/10/23 23:00:00,A,G-U_ICT,SI,2015,3.25,
ESTAT:ISOC_BDE15AG(1.0),02/10/23 23:00:00,A,G-U_ICT,SI,2016,3.24,
ESTAT:ISOC_BDE15AG(1.0),02/10/23 23:00:00,A,G-U_ICT,SI,2017,3.33,
ESTAT:ISOC_BDE15AG(1.0),02/10/23 23:00:00,A,G-U_ICT,SI,2018,3.21,
ESTAT:ISOC_BDE15AG(1.0),02/10/23 23:00:00,A,G-U_ICT,SI,2019,3.39,
ESTAT:ISOC_BDE15AG(1.0),02/10/23 23:00:00,A,G-U_ICT,SI,2020,3.6,
ESTAT:ISOC_BDE15AG(1.0),02/10/23 23:00:00,A,G-U_ICT,SK,2008,3.52,b
ESTAT:ISOC_BDE15AG(1.0),02/10/23 23:00:00,A,G-U_ICT,SK,2009,3.22,
ESTAT:ISOC_BDE15AG(1.0),02/10/23 23:00:00,A,G-U_ICT,SK,2010,3.35,
ESTAT:ISOC_BDE15AG(1.0),02/10/23 23:00:00,A,G-U_ICT,SK,2011,3.76,
ESTAT:ISOC_BDE15AG(1.0),02/10/23 23:00:00,A,G-U_ICT,SK,2012,3.75,
ESTAT:ISOC_BDE15AG(1.0),02/10/23 23:00:00,A,G-U_ICT,SK,2013,,c
ESTAT:ISOC_BDE15AG(1.0),02/10/23 23:00:00,A,G-U_ICT,SK,2014,3.41,
ESTAT:ISOC_BDE15AG(1.0),02/10/23 23:00:00,A,G-U_ICT,SK,2015,3.49,
ESTAT:ISOC_BDE15AG(1.0),02/10/23 23:00:00,A,G-U_ICT,SK,2016,3.46,
ESTAT:ISOC_BDE15AG(1.0),02/10/23 23:00:00,A,G-U_ICT,SK,2017,3.66,
ESTAT:ISOC_BDE15AG(1.0),02/10/23 23:00:00,A,G-U_ICT,SK,2018,3.66,
ESTAT:ISOC_BDE15AG(1.0),02/10/23 23:00:00,A,G-U_ICT,SK,2019,3.95,
ESTAT:ISOC_BDE15AG(1.0),02/10/23 23:00:00,A,G-U_ICT,SK,2020,4.17,
ESTAT:ISOC_BDE15AG(1.0),02/10/23 23:00:00,A,G-U_ICT,TR,2008,,b
ESTAT:ISOC_BDE15AG(1.0),02/10/23 23:00:00,A,G-U_ICT,UK,2008,5.48,b
ESTAT:ISOC_BDE15AG(1.0),02/10/23 23:00:00,A,G-U_ICT,UK,2009,5.15,
ESTAT:ISOC_BDE15AG(1.0),02/10/23 23:00:00,A,G-U_ICT,UK,2010,5.04,
ESTAT:ISOC_BDE15AG(1.0),02/10/23 23:00:00,A,G-U_ICT,UK,2011,5.21,
ESTAT:ISOC_BDE15AG(1.0),02/10/23 23:00:00,A,G-U_ICT,UK,2012,5.24,
ESTAT:ISOC_BDE15AG(1.0),02/10/23 23:00:00,A,G-U_ICT,UK,2013,5.37,
ESTAT:ISOC_BDE15AG(1.0),02/10/23 23:00:00,A,G-U_ICT,UK,2014,5.47,
ESTAT:ISOC_BDE15AG(1.0),02/10/23 23:00:00,A,G-U_ICT,UK,2015,5.62,
ESTAT:ISOC_BDE15AG(1.0),02/10/23 23:00:00,A,G-U_ICT,UK,2016,5.65,b
ESTAT:ISOC_BDE15AG(1.0),02/10/23 23:00:00,A,G-U_ICT,UK,2017,5.76,
ESTAT:ISOC_BDE15AG(1.0),02/10/23 23:00:00,A,G-U_ICT,UK,2018,5.94,
ESTAT:ISOC_BDE15AG(1.0),02/10/23 23:00:00,A,ICT,AT,2008,3.19,b
ESTAT:ISOC_BDE15AG(1.0),02/10/23 23:00:00,A,ICT,AT,2009,3.14,
ESTAT:ISOC_BDE15AG(1.0),02/10/23 23:00:00,A,ICT,AT,2010,3.12,
ESTAT:ISOC_BDE15AG(1.0),02/10/23 23:00:00,A,ICT,AT,2011,3.25,
ESTAT:ISOC_BDE15AG(1.0),02/10/23 23:00:00,A,ICT,AT,2012,3.15,
ESTAT:ISOC_BDE15AG(1.0),02/10/23 23:00:00,A,ICT,AT,2013,3.23,
ESTAT:ISOC_BDE15AG(1.0),02/10/23 23:00:00,A,ICT,AT,2014,,c
ESTAT:ISOC_BDE15AG(1.0),02/10/23 23:00:00,A,ICT,AT,2015,3.37,
ESTAT:ISOC_BDE15AG(1.0),02/10/23 23:00:00,A,ICT,AT,2016,3.46,
ESTAT:ISOC_BDE15AG(1.0),02/10/23 23:00:00,A,ICT,AT,2017,3.49,
ESTAT:ISOC_BDE15AG(1.0),02/10/23 23:00:00,A,ICT,AT,2018,3.58,b
ESTAT:ISOC_BDE15AG(1.0),02/10/23 23:00:00,A,ICT,AT,2019,3.67,
ESTAT:ISOC_BDE15AG(1.0),02/10/23 23:00:00,A,ICT,AT,2020,3.63,
ESTAT:ISOC_BDE15AG(1.0),02/10/23 23:00:00,A,ICT,BA,2008,,b
ESTAT:ISOC_BDE15AG(1.0),02/10/23 23:00:00,A,ICT,BA,2014,4.98,
ESTAT:ISOC_BDE15AG(1.0),02/10/23 23:00:00,A,ICT,BA,2015,4.83,be
ESTAT:ISOC_BDE15AG(1.0),02/10/23 23:00:00,A,ICT,BA,2016,4.62,be
ESTAT:ISOC_BDE15AG(1.0),02/10/23 23:00:00,A,ICT,BA,2017,,c
ESTAT:ISOC_BDE15AG(1.0),02/10/23 23:00:00,A,ICT,BA,2018,,c
ESTAT:ISOC_BDE15AG(1.0),02/10/23 23:00:00,A,ICT,BA,2019,,c
ESTAT:ISOC_BDE15AG(1.0),02/10/23 23:00:00,A,ICT,BA,2020,,c
ESTAT:ISOC_BDE15AG(1.0),02/10/23 23:00:00,A,ICT,BE,2008,,c
ESTAT:ISOC_BDE15AG(1.0),02/10/23 23:00:00,A,ICT,BE,2009,4.45,
ESTAT:ISOC_BDE15AG(1.0),02/10/23 23:00:00,A,ICT,BE,2010,4.51,
ESTAT:ISOC_BDE15AG(1.0),02/10/23 23:00:00,A,ICT,BE,2011,4.13,
ESTAT:ISOC_BDE15AG(1.0),02/10/23 23:00:00,A,ICT,BE,2012,4.13,
ESTAT:ISOC_BDE15AG(1.0),02/10/23 23:00:00,A,ICT,BE,2013,4.03,
ESTAT:ISOC_BDE15AG(1.0),02/10/23 23:00:00,A,ICT,BE,2014,3.82,
ESTAT:ISOC_BDE15AG(1.0),02/10/23 23:00:00,A,ICT,BE,2015,3.79,
ESTAT:ISOC_BDE15AG(1.0),02/10/23 23:00:00,A,ICT,BE,2016,3.78,
ESTAT:ISOC_BDE15AG(1.0),02/10/23 23:00:00,A,ICT,BE,2017,3.75,
ESTAT:ISOC_BDE15AG(1.0),02/10/23 23:00:00,A,ICT,BE,2018,3.97,b
ESTAT:ISOC_BDE15AG(1.0),02/10/23 23:00:00,A,ICT,BE,2019,4.21,
ESTAT:ISOC_BDE15AG(1.0),02/10/23 23:00:00,A,ICT,BE,2020,4.32,p
ESTAT:ISOC_BDE15AG(1.0),02/10/23 23:00:00,A,ICT,BG,2008,5.01,b
ESTAT:ISOC_BDE15AG(1.0),02/10/23 23:00:00,A,ICT,BG,2009,4.84,
ESTAT:ISOC_BDE15AG(1.0),02/10/23 23:00:00,A,ICT,BG,2010,4.8,
ESTAT:ISOC_BDE15AG(1.0),02/10/23 23:00:00,A,ICT,BG,2011,4.63,
ESTAT:ISOC_BDE15AG(1.0),02/10/23 23:00:00,A,ICT,BG,2012,4.53,
ESTAT:ISOC_BDE15AG(1.0),02/10/23 23:00:00,A,ICT,BG,2013,4.69,
ESTAT:ISOC_BDE15AG(1.0),02/10/23 23:00:00,A,ICT,BG,2014,4.88,
ESTAT:ISOC_BDE15AG(1.0),02/10/23 23:00:00,A,ICT,BG,2015,5.02,
ESTAT:ISOC_BDE15AG(1.0),02/10/23 23:00:00,A,ICT,BG,2016,5.36,
ESTAT:ISOC_BDE15AG(1.0),02/10/23 23:00:00,A,ICT,BG,2017,5.72,
ESTAT:ISOC_BDE15AG(1.0),02/10/23 23:00:00,A,ICT,BG,2018,6.07,b
ESTAT:ISOC_BDE15AG(1.0),02/10/23 23:00:00,A,ICT,BG,2019,6.62,
ESTAT:ISOC_BDE15AG(1.0),02/10/23 23:00:00,A,ICT,BG,2020,7.37,
ESTAT:ISOC_BDE15AG(1.0),02/10/23 23:00:00,A,ICT,CH,2008,,b
ESTAT:ISOC_BDE15AG(1.0),02/10/23 23:00:00,A,ICT,CY,2008,,c
ESTAT:ISOC_BDE15AG(1.0),02/10/23 23:00:00,A,ICT,CY,2009,,c
ESTAT:ISOC_BDE15AG(1.0),02/10/23 23:00:00,A,ICT,CY,2010,,c
ESTAT:ISOC_BDE15AG(1.0),02/10/23 23:00:00,A,ICT,CY,2011,,c
ESTAT:ISOC_BDE15AG(1.0),02/10/23 23:00:00,A,ICT,CY,2012,,c
ESTAT:ISOC_BDE15AG(1.0),02/10/23 23:00:00,A,ICT,CY,2013,,c
ESTAT:ISOC_BDE15AG(1.0),02/10/23 23:00:00,A,ICT,CY,2014,,c
ESTAT:ISOC_BDE15AG(1.0),02/10/23 23:00:00,A,ICT,CY,2015,,c
ESTAT:ISOC_BDE15AG(1.0),02/10/23 23:00:00,A,ICT,CY,2016,,c
ESTAT:ISOC_BDE15AG(1.0),02/10/23 23:00:00,A,ICT,CY,2017,,c
ESTAT:ISOC_BDE15AG(1.0),02/10/23 23:00:00,A,ICT,CY,2018,,c
ESTAT:ISOC_BDE15AG(1.0),02/10/23 23:00:00,A,ICT,CY,2019,,c
ESTAT:ISOC_BDE15AG(1.0),02/10/23 23:00:00,A,ICT,CY,2020,,c
ESTAT:ISOC_BDE15AG(1.0),02/10/23 23:00:00,A,ICT,CZ,2008,,c
ESTAT:ISOC_BDE15AG(1.0),02/10/23 23:00:00,A,ICT,CZ,2009,4.44,
ESTAT:ISOC_BDE15AG(1.0),02/10/23 23:00:00,A,ICT,CZ,2010,4.39,
ESTAT:ISOC_BDE15AG(1.0),02/10/23 23:00:00,A,ICT,CZ,2011,4.34,
ESTAT:ISOC_BDE15AG(1.0),02/10/23 23:00:00,A,ICT,CZ,2012,4.35,
ESTAT:ISOC_BDE15AG(1.0),02/10/23 23:00:00,A,ICT,CZ,2013,4.34,
ESTAT:ISOC_BDE15AG(1.0),02/10/23 23:00:00,A,ICT,CZ,2014,4.27,
ESTAT:ISOC_BDE15AG(1.0),02/10/23 23:00:00,A,ICT,CZ,2015,4.24,
ESTAT:ISOC_BDE15AG(1.0),02/10/23 23:00:00,A,ICT,CZ,2016,4.27,
ESTAT:ISOC_BDE15AG(1.0),02/10/23 23:00:00,A,ICT,CZ,2017,4.36,
ESTAT:ISOC_BDE15AG(1.0),02/10/23 23:00:00,A,ICT,CZ,2018,4.56,
ESTAT:ISOC_BDE15AG(1.0),02/10/23 23:00:00,A,ICT,CZ,2019,4.71,
ESTAT:ISOC_BDE15AG(1.0),02/10/23 23:00:00,A,ICT,CZ,2020,5.05,
ESTAT:ISOC_BDE15AG(1.0),02/10/23 23:00:00,A,ICT,DE,2008,3.98,b
ESTAT:ISOC_BDE15AG(1.0),02/10/23 23:00:00,A,ICT,DE,2009,4.15,
ESTAT:ISOC_BDE15AG(1.0),02/10/23 23:00:00,A,ICT,DE,2010,3.91,
ESTAT:ISOC_BDE15AG(1.0),02/10/23 23:00:00,A,ICT,DE,2011,4.04,
ESTAT:ISOC_BDE15AG(1.0),02/10/23 23:00:00,A,ICT,DE,2012,4,
ESTAT:ISOC_BDE15AG(1.0),02/10/23 23:00:00,A,ICT,DE,2013,4.08,
ESTAT:ISOC_BDE15AG(1.0),02/10/23 23:00:00,A,ICT,DE,2014,4.17,
ESTAT:ISOC_BDE15AG(1.0),02/10/23 23:00:00,A,ICT,DE,2015,4.23,
ESTAT:ISOC_BDE15AG(1.0),02/10/23 23:00:00,A,ICT,DE,2016,4.13,
ESTAT:ISOC_BDE15AG(1.0),02/10/23 23:00:00,A,ICT,DE,2017,4.18,
ESTAT:ISOC_BDE15AG(1.0),02/10/23 23:00:00,A,ICT,DE,2018,4.39,b
ESTAT:ISOC_BDE15AG(1.0),02/10/23 23:00:00,A,ICT,DE,2019,4.38,p
ESTAT:ISOC_BDE15AG(1.0),02/10/23 23:00:00,A,ICT,DE,2020,4.44,p
ESTAT:ISOC_BDE15AG(1.0),02/10/23 23:00:00,A,ICT,DK,2008,4.63,b
ESTAT:ISOC_BDE15AG(1.0),02/10/23 23:00:00,A,ICT,DK,2009,4.83,
ESTAT:ISOC_BDE15AG(1.0),02/10/23 23:00:00,A,ICT,DK,2010,4.62,
ESTAT:ISOC_BDE15AG(1.0),02/10/23 23:00:00,A,ICT,DK,2011,4.62,
ESTAT:ISOC_BDE15AG(1.0),02/10/23 23:00:00,A,ICT,DK,2012,,c
ESTAT:ISOC_BDE15AG(1.0),02/10/23 23:00:00,A,ICT,DK,2013,,c
ESTAT:ISOC_BDE15AG(1.0),02/10/23 23:00:00,A,ICT,DK,2014,,c
ESTAT:ISOC_BDE15AG(1.0),02/10/23 23:00:00,A,ICT,DK,2015,,c
ESTAT:ISOC_BDE15AG(1.0),02/10/23 23:00:00,A,ICT,DK,2016,,c
ESTAT:ISOC_BDE15AG(1.0),02/10/23 23:00:00,A,ICT,DK,2017,,c
ESTAT:ISOC_BDE15AG(1.0),02/10/23 23:00:00,A,ICT,DK,2018,4.58,
ESTAT:ISOC_BDE15AG(1.0),02/10/23 23:00:00,A,ICT,DK,2019,4.48,
ESTAT:ISOC_BDE15AG(1.0),02/10/23 23:00:00,A,ICT,DK,2020,4.6,
ESTAT:ISOC_BDE15AG(1.0),02/10/23 23:00:00,A,ICT,EE,2008,4.37,b
ESTAT:ISOC_BDE15AG(1.0),02/10/23 23:00:00,A,ICT,EE,2009,4.98,
ESTAT:ISOC_BDE15AG(1.0),02/10/23 23:00:00,A,ICT,EE,2010,4.78,
ESTAT:ISOC_BDE15AG(1.0),02/10/23 23:00:00,A,ICT,EE,2011,5.03,
ESTAT:ISOC_BDE15AG(1.0),02/10/23 23:00:00,A,ICT,EE,2012,4.7,
ESTAT:ISOC_BDE15AG(1.0),02/10/23 23:00:00,A,ICT,EE,2013,4.6,
ESTAT:ISOC_BDE15AG(1.0),02/10/23 23:00:00,A,ICT,EE,2014,4.83,
ESTAT:ISOC_BDE15AG(1.0),02/10/23 23:00:00,A,ICT,EE,2015,4.74,
ESTAT:ISOC_BDE15AG(1.0),02/10/23 23:00:00,A,ICT,EE,2016,4.9,
ESTAT:ISOC_BDE15AG(1.0),02/10/23 23:00:00,A,ICT,EE,2017,5.12,
ESTAT:ISOC_BDE15AG(1.0),02/10/23 23:00:00,A,ICT,EE,2018,5.39,b
ESTAT:ISOC_BDE15AG(1.0),02/10/23 23:00:00,A,ICT,EE,2019,5.93,
ESTAT:ISOC_BDE15AG(1.0),02/10/23 23:00:00,A,ICT,EE,2020,6.83,
ESTAT:ISOC_BDE15AG(1.0),02/10/23 23:00:00,A,ICT,EL,2008,2.61,b
ESTAT:ISOC_BDE15AG(1.0),02/10/23 23:00:00,A,ICT,EL,2009,,c
ESTAT:ISOC_BDE15AG(1.0),02/10/23 23:00:00,A,ICT,EL,2010,,c
ESTAT:ISOC_BDE15AG(1.0),02/10/23 23:00:00,A,ICT,EL,2011,2.11,
ESTAT:ISOC_BDE15AG(1.0),02/10/23 23:00:00,A,ICT,EL,2012,2.08,
ESTAT:ISOC_BDE15AG(1.0),02/10/23 23:00:00,A,ICT,EL,2013,1.99,
ESTAT:ISOC_BDE15AG(1.0),02/10/23 23:00:00,A,ICT,EL,2014,2.09,
ESTAT:ISOC_BDE15AG(1.0),02/10/23 23:00:00,A,ICT,EL,2015,2.27,
ESTAT:ISOC_BDE15AG(1.0),02/10/23 23:00:00,A,ICT,EL,2016,2.2,
ESTAT:ISOC_BDE15AG(1.0),02/10/23 23:00:00,A,ICT,EL,2017,2.01,
ESTAT:ISOC_BDE15AG(1.0),02/10/23 23:00:00,A,ICT,EL,2018,2.49,b
ESTAT:ISOC_BDE15AG(1.0),02/10/23 23:00:00,A,ICT,EL,2019,2.27,
ESTAT:ISOC_BDE15AG(1.0),02/10/23 23:00:00,A,ICT,EL,2020,3.23,p
ESTAT:ISOC_BDE15AG(1.0),02/10/23 23:00:00,A,ICT,ES,2008,3.53,b
ESTAT:ISOC_BDE15AG(1.0),02/10/23 23:00:00,A,ICT,ES,2009,3.51,
ESTAT:ISOC_BDE15AG(1.0),02/10/23 23:00:00,A,ICT,ES,2010,3.44,
ESTAT:ISOC_BDE15AG(1.0),02/10/23 23:00:00,A,ICT,ES,2011,3.4,
ESTAT:ISOC_BDE15AG(1.0),02/10/23 23:00:00,A,ICT,ES,2012,3.37,
ESTAT:ISOC_BDE15AG(1.0),02/10/23 23:00:00,A,ICT,ES,2013,3.31,
ESTAT:ISOC_BDE15AG(1.0),02/10/23 23:00:00,A,ICT,ES,2014,3.2,
ESTAT:ISOC_BDE15AG(1.0),02/10/23 23:00:00,A,ICT,ES,2015,,c
ESTAT:ISOC_BDE15AG(1.0),02/10/23 23:00:00,A,ICT,ES,2016,,c
ESTAT:ISOC_BDE15AG(1.0),02/10/23 23:00:00,A,ICT,ES,2017,,c
ESTAT:ISOC_BDE15AG(1.0),02/10/23 23:00:00,A,ICT,ES,2018,3.28,b
ESTAT:ISOC_BDE15AG(1.0),02/10/23 23:00:00,A,ICT,ES,2019,,c
ESTAT:ISOC_BDE15AG(1.0),02/10/23 23:00:00,A,ICT,ES,2020,,c
ESTAT:ISOC_BDE15AG(1.0),02/10/23 23:00:00,A,ICT,EU27_2020,2008,,b
ESTAT:ISOC_BDE15AG(1.0),02/10/23 23:00:00,A,ICT,EU27_2020,2019,4.89,
ESTAT:ISOC_BDE15AG(1.0),02/10/23 23:00:00,A,ICT,EU27_2020,2020,5.23,
ESTAT:ISOC_BDE15AG(1.0),02/10/23 23:00:00,A,ICT,FI,2008,6.66,b
ESTAT:ISOC_BDE15AG(1.0),02/10/23 23:00:00,A,ICT,FI,2009,5.01,
ESTAT:ISOC_BDE15AG(1.0),02/10/23 23:00:00,A,ICT,FI,2010,5.17,
ESTAT:ISOC_BDE15AG(1.0),02/10/23 23:00:00,A,ICT,FI,2011,4.33,
ESTAT:ISOC_BDE15AG(1.0),02/10/23 23:00:00,A,ICT,FI,2012,3.62,
ESTAT:ISOC_BDE15AG(1.0),02/10/23 23:00:00,A,ICT,FI,2013,4.32,b
ESTAT:ISOC_BDE15AG(1.0),02/10/23 23:00:00,A,ICT,FI,2014,,c
ESTAT:ISOC_BDE15AG(1.0),02/10/23 23:00:00,A,ICT,FI,2015,4.54,
ESTAT:ISOC_BDE15AG(1.0),02/10/23 23:00:00,A,ICT,FI,2016,,c
ESTAT:ISOC_BDE15AG(1.0),02/10/23 23:00:00,A,ICT,FI,2017,5.42,b
ESTAT:ISOC_BDE15AG(1.0),02/10/23 23:00:00,A,ICT,FI,2018,4.85,
ESTAT:ISOC_BDE15AG(1.0),02/10/23 23:00:00,A,ICT,FI,2019,4.91,
ESTAT:ISOC_BDE15AG(1.0),02/10/23 23:00:00,A,ICT,FI,2020,5.79,
ESTAT:ISOC_BDE15AG(1.0),02/10/23 23:00:00,A,ICT,FR,2008,4.04,b
ESTAT:ISOC_BDE15AG(1.0),02/10/23 23:00:00,A,ICT,FR,2009,4,
ESTAT:ISOC_BDE15AG(1.0),02/10/23 23:00:00,A,ICT,FR,2010,4.04,
ESTAT:ISOC_BDE15AG(1.0),02/10/23 23:00:00,A,ICT,FR,2011,4.06,
ESTAT:ISOC_BDE15AG(1.0),02/10/23 23:00:00,A,ICT,FR,2012,4.01,
ESTAT:ISOC_BDE15AG(1.0),02/10/23 23:00:00,A,ICT,FR,2013,,c
ESTAT:ISOC_BDE15AG(1.0),02/10/23 23:00:00,A,ICT,FR,2014,3.83,b
ESTAT:ISOC_BDE15AG(1.0),02/10/23 23:00:00,A,ICT,FR,2015,3.89,b
ESTAT:ISOC_BDE15AG(1.0),02/10/23 23:00:00,A,ICT,FR,2016,4,
ESTAT:ISOC_BDE15AG(1.0),02/10/23 23:00:00,A,ICT,FR,2017,4.33,b
ESTAT:ISOC_BDE15AG(1.0),02/10/23 23:00:00,A,ICT,FR,2018,4.31,
ESTAT:ISOC_BDE15AG(1.0),02/10/23 23:00:00,A,ICT,FR,2019,4.41,p
ESTAT:ISOC_BDE15AG(1.0),02/10/23 23:00:00,A,ICT,FR,2020,4.72,p
ESTAT:ISOC_BDE15AG(1.0),02/10/23 23:00:00,A,ICT,HR,2008,4.13,b
ESTAT:ISOC_BDE15AG(1.0),02/10/23 23:00:00,A,ICT,HR,2009,4.04,
ESTAT:ISOC_BDE15AG(1.0),02/10/23 23:00:00,A,ICT,HR,2010,4.54,
ESTAT:ISOC_BDE15AG(1.0),02/10/23 23:00:00,A,ICT,HR,2011,3.98,
ESTAT:ISOC_BDE15AG(1.0),02/10/23 23:00:00,A,ICT,HR,2012,3.83,
ESTAT:ISOC_BDE15AG(1.0),02/10/23 23:00:00,A,ICT,HR,2013,4.04,
ESTAT:ISOC_BDE15AG(1.0),02/10/23 23:00:00,A,ICT,HR,2014,4.01,
ESTAT:ISOC_BDE15AG(1.0),02/10/23 23:00:00,A,ICT,HR,2015,4.13,
ESTAT:ISOC_BDE15AG(1.0),02/10/23 23:00:00,A,ICT,HR,2016,4.15,
ESTAT:ISOC_BDE15AG(1.0),02/10/23 23:00:00,A,ICT,HR,2017,4.3,
ESTAT:ISOC_BDE15AG(1.0),02/10/23 23:00:00,A,ICT,HR,2018,4.37,
ESTAT:ISOC_BDE15AG(1.0),02/10/23 23:00:00,A,ICT,HR,2019,4.47,b
ESTAT:ISOC_BDE15AG(1.0),02/10/23 23:00:00,A,ICT,HR,2020,4.99,
ESTAT:ISOC_BDE15AG(1.0),02/10/23 23:00:00,A,ICT,HU,2008,5.79,b
ESTAT:ISOC_BDE15AG(1.0),02/10/23 23:00:00,A,ICT,HU,2009,5.7,
ESTAT:ISOC_BDE15AG(1.0),02/10/23 23:00:00,A,ICT,HU,2010,5.61,
ESTAT:ISOC_BDE15AG(1.0),02/10/23 23:00:00,A,ICT,HU,2011,5.9,
ESTAT:ISOC_BDE15AG(1.0),02/10/23 23:00:00,A,ICT,HU,2012,5.69,
ESTAT:ISOC_BDE15AG(1.0),02/10/23 23:00:00,A,ICT,HU,2013,5.78,
ESTAT:ISOC_BDE15AG(1.0),02/10/23 23:00:00,A,ICT,HU,2014,5.58,
ESTAT:ISOC_BDE15AG(1.0),02/10/23 23:00:00,A,ICT,HU,2015,5.72,
ESTAT:ISOC_BDE15AG(1.0),02/10/23 23:00:00,A,ICT,HU,2016,5.63,
ESTAT:ISOC_BDE15AG(1.0),02/10/23 23:00:00,A,ICT,HU,2017,5.96,
ESTAT:ISOC_BDE15AG(1.0),02/10/23 23:00:00,A,ICT,HU,2018,5.95,b
ESTAT:ISOC_BDE15AG(1.0),02/10/23 23:00:00,A,ICT,HU,2019,6.13,
ESTAT:ISOC_BDE15AG(1.0),02/10/23 23:00:00,A,ICT,HU,2020,6,
ESTAT:ISOC_BDE15AG(1.0),02/10/23 23:00:00,A,ICT,IE,2008,,c
ESTAT:ISOC_BDE15AG(1.0),02/10/23 23:00:00,A,ICT,IE,2009,,c
ESTAT:ISOC_BDE15AG(1.0),02/10/23 23:00:00,A,ICT,IE,2010,,c
ESTAT:ISOC_BDE15AG(1.0),02/10/23 23:00:00,A,ICT,IE,2011,,c
ESTAT:ISOC_BDE15AG(1.0),02/10/23 23:00:00,A,ICT,IE,2012,,c
ESTAT:ISOC_BDE15AG(1.0),02/10/23 23:00:00,A,ICT,IE,2013,,c
ESTAT:ISOC_BDE15AG(1.0),02/10/23 23:00:00,A,ICT,IE,2014,,c
ESTAT:ISOC_BDE15AG(1.0),02/10/23 23:00:00,A,ICT,IE,2015,,c
ESTAT:ISOC_BDE15AG(1.0),02/10/23 23:00:00,A,ICT,IE,2016,,c
ESTAT:ISOC_BDE15AG(1.0),02/10/23 23:00:00,A,ICT,IE,2017,,c
ESTAT:ISOC_BDE15AG(1.0),02/10/23 23:00:00,A,ICT,IE,2018,,c
ESTAT:ISOC_BDE15AG(1.0),02/10/23 23:00:00,A,ICT,IE,2019,,c
ESTAT:ISOC_BDE15AG(1.0),02/10/23 23:00:00,A,ICT,IE,2020,,c
ESTAT:ISOC_BDE15AG(1.0),02/10/23 23:00:00,A,ICT,IS,2008,,b
ESTAT:ISOC_BDE15AG(1.0),02/10/23 23:00:00,A,ICT,IS,2016,4.21,p
ESTAT:ISOC_BDE15AG(1.0),02/10/23 23:00:00,A,ICT,IS,2017,4.18,p
ESTAT:ISOC_BDE15AG(1.0),02/10/23 23:00:00,A,ICT,IS,2018,4.03,
ESTAT:ISOC_BDE15AG(1.0),02/10/23 23:00:00,A,ICT,IS,2019,4.2,p
ESTAT:ISOC_BDE15AG(1.0),02/10/23 23:00:00,A,ICT,IS,2020,4.63,p
ESTAT:ISOC_BDE15AG(1.0),02/10/23 23:00:00,A,ICT,IT,2008,3.39,b
ESTAT:ISOC_BDE15AG(1.0),02/10/23 23:00:00,A,ICT,IT,2011,3.41,
ESTAT:ISOC_BDE15AG(1.0),02/10/23 23:00:00,A,ICT,IT,2012,3.47,
ESTAT:ISOC_BDE15AG(1.0),02/10/23 23:00:00,A,ICT,IT,2013,3.24,
ESTAT:ISOC_BDE15AG(1.0),02/10/23 23:00:00,A,ICT,IT,2014,3.21,
ESTAT:ISOC_BDE15AG(1.0),02/10/23 23:00:00,A,ICT,IT,2015,3.22,
ESTAT:ISOC_BDE15AG(1.0),02/10/23 23:00:00,A,ICT,IT,2016,3.27,
ESTAT:ISOC_BDE15AG(1.0),02/10/23 23:00:00,A,ICT,IT,2017,3.33,b
ESTAT:ISOC_BDE15AG(1.0),02/10/23 23:00:00,A,ICT,IT,2018,3.29,
ESTAT:ISOC_BDE15AG(1.0),02/10/23 23:00:00,A,ICT,IT,2019,3.35,
ESTAT:ISOC_BDE15AG(1.0),02/10/23 23:00:00,A,ICT,IT,2020,,c
ESTAT:ISOC_BDE15AG(1.0),02/10/23 23:00:00,A,ICT,LT,2008,2.16,b
ESTAT:ISOC_BDE15AG(1.0),02/10/23 23:00:00,A,ICT,LT,2009,,c
ESTAT:ISOC_BDE15AG(1.0),02/10/23 23:00:00,A,ICT,LT,2010,2.45,
ESTAT:ISOC_BDE15AG(1.0),02/10/23 23:00:00,A,ICT,LT,2011,2.49,
ESTAT:ISOC_BDE15AG(1.0),02/10/23 23:00:00,A,ICT,LT,2012,2.49,
ESTAT:ISOC_BDE15AG(1.0),02/10/23 23:00:00,A,ICT,LT,2013,2.41,
ESTAT:ISOC_BDE15AG(1.0),02/10/23 23:00:00,A,ICT,LT,2014,2.56,
ESTAT:ISOC_BDE15AG(1.0),02/10/23 23:00:00,A,ICT,LT,2015,2.97,
ESTAT:ISOC_BDE15AG(1.0),02/10/23 23:00:00,A,ICT,LT,2016,2.99,
ESTAT:ISOC_BDE15AG(1.0),02/10/23 23:00:00,A,ICT,LT,2017,3.03,
ESTAT:ISOC_BDE15AG(1.0),02/10/23 23:00:00,A,ICT,LT,2018,3.13,b
ESTAT:ISOC_BDE15AG(1.0),02/10/23 23:00:00,A,ICT,LT,2019,3.49,
ESTAT:ISOC_BDE15AG(1.0),02/10/23 23:00:00,A,ICT,LT,2020,3.8,
ESTAT:ISOC_BDE15AG(1.0),02/10/23 23:00:00,A,ICT,LU,2008,,c
ESTAT:ISOC_BDE15AG(1.0),02/10/23 23:00:00,A,ICT,LU,2009,,c
ESTAT:ISOC_BDE15AG(1.0),02/10/23 23:00:00,A,ICT,LU,2010,,c
ESTAT:ISOC_BDE15AG(1.0),02/10/23 23:00:00,A,ICT,LU,2011,,c
ESTAT:ISOC_BDE15AG(1.0),02/10/23 23:00:00,A,ICT,LU,2012,,c
ESTAT:ISOC_BDE15AG(1.0),02/10/23 23:00:00,A,ICT,LU,2013,,c
ESTAT:ISOC_BDE15AG(1.0),02/10/23 23:00:00,A,ICT,LU,2014,,c
ESTAT:ISOC_BDE15AG(1.0),02/10/23 23:00:00,A,ICT,LU,2015,,c
ESTAT:ISOC_BDE15AG(1.0),02/10/23 23:00:00,A,ICT,LU,2016,,c
ESTAT:ISOC_BDE15AG(1.0),02/10/23 23:00:00,A,ICT,LU,2017,,c
ESTAT:ISOC_BDE15AG(1.0),02/10/23 23:00:00,A,ICT,LU,2018,,c
ESTAT:ISOC_BDE15AG(1.0),02/10/23 23:00:00,A,ICT,LU,2019,,c
ESTAT:ISOC_BDE15AG(1.0),02/10/23 23:00:00,A,ICT,LU,2020,,c
ESTAT:ISOC_BDE15AG(1.0),02/10/23 23:00:00,A,ICT,LV,2008,3.27,b
ESTAT:ISOC_BDE15AG(1.0),02/10/23 23:00:00,A,ICT,LV,2009,3.36,
ESTAT:ISOC_BDE15AG(1.0),02/10/23 23:00:00,A,ICT,LV,2010,3.51,
ESTAT:ISOC_BDE15AG(1.0),02/10/23 23:00:00,A,ICT,LV,2011,3.4,
ESTAT:ISOC_BDE15AG(1.0),02/10/23 23:00:00,A,ICT,LV,2012,3.47,
ESTAT:ISOC_BDE15AG(1.0),02/10/23 23:00:00,A,ICT,LV,2013,3.75,
ESTAT:ISOC_BDE15AG(1.0),02/10/23 23:00:00,A,ICT,LV,2014,3.74,
ESTAT:ISOC_BDE15AG(1.0),02/10/23 23:00:00,A,ICT,LV,2015,4.15,
ESTAT:ISOC_BDE15AG(1.0),02/10/23 23:00:00,A,ICT,LV,2016,4.54,
ESTAT:ISOC_BDE15AG(1.0),02/10/23 23:00:00,A,ICT,LV,2017,4.69,
ESTAT:ISOC_BDE15AG(1.0),02/10/23 23:00:00,A,ICT,LV,2018,4.93,
ESTAT:ISOC_BDE15AG(1.0),02/10/23 23:00:00,A,ICT,LV,2019,5.33,
ESTAT:ISOC_BDE15AG(1.0),02/10/23 23:00:00,A,ICT,LV,2020,5.66,
ESTAT:ISOC_BDE15AG(1.0),02/10/23 23:00:00,A,ICT,ME,2008,,b
ESTAT:ISOC_BDE15AG(1.0),02/10/23 23:00:00,A,ICT,MK,2008,,b
ESTAT:ISOC_BDE15AG(1.0),02/10/23 23:00:00,A,ICT,MK,2011,4.16,
ESTAT:ISOC_BDE15AG(1.0),02/10/23 23:00:00,A,ICT,MK,2012,4.12,
ESTAT:ISOC_BDE15AG(1.0),02/10/23 23:00:00,A,ICT,MK,2013,3.55,
ESTAT:ISOC_BDE15AG(1.0),02/10/23 23:00:00,A,ICT,MK,2014,3.26,
ESTAT:ISOC_BDE15AG(1.0),02/10/23 23:00:00,A,ICT,MK,2015,3.26,p
ESTAT:ISOC_BDE15AG(1.0),02/10/23 23:00:00,A,ICT,MK,2016,3.4,p
ESTAT:ISOC_BDE15AG(1.0),02/10/23 23:00:00,A,ICT,MK,2017,,c
ESTAT:ISOC_BDE15AG(1.0),02/10/23 23:00:00,A,ICT,MK,2018,,c
ESTAT:ISOC_BDE15AG(1.0),02/10/23 23:00:00,A,ICT,MK,2019,4.18,
ESTAT:ISOC_BDE15AG(1.0),02/10/23 23:00:00,A,ICT,MT,2008,6.68,b
ESTAT:ISOC_BDE15AG(1.0),02/10/23 23:00:00,A,ICT,MT,2009,5.92,
ESTAT:ISOC_BDE15AG(1.0),02/10/23 23:00:00,A,ICT,MT,2010,7.23,
ESTAT:ISOC_BDE15AG(1.0),02/10/23 23:00:00,A,ICT,MT,2011,8.89,
ESTAT:ISOC_BDE15AG(1.0),02/10/23 23:00:00,A,ICT,MT,2012,8.44,
ESTAT:ISOC_BDE15AG(1.0),02/10/23 23:00:00,A,ICT,MT,2013,6.55,
ESTAT:ISOC_BDE15AG(1.0),02/10/23 23:00:00,A,ICT,MT,2014,6.9,
ESTAT:ISOC_BDE15AG(1.0),02/10/23 23:00:00,A,ICT,MT,2015,6.86,
ESTAT:ISOC_BDE15AG(1.0),02/10/23 23:00:00,A,ICT,MT,2016,6.94,
ESTAT:ISOC_BDE15AG(1.0),02/10/23 23:00:00,A,ICT,MT,2017,7.77,
ESTAT:ISOC_BDE15AG(1.0),02/10/23 23:00:00,A,ICT,MT,2018,7.43,
ESTAT:ISOC_BDE15AG(1.0),02/10/23 23:00:00,A,ICT,MT,2019,,c
ESTAT:ISOC_BDE15AG(1.0),02/10/23 23:00:00,A,ICT,MT,2020,8.02,
ESTAT:ISOC_BDE15AG(1.0),02/10/23 23:00:00,A,ICT,NL,2008,,c
ESTAT:ISOC_BDE15AG(1.0),02/10/23 23:00:00,A,ICT,NL,2009,,c
ESTAT:ISOC_BDE15AG(1.0),02/10/23 23:00:00,A,ICT,NL,2010,,c
ESTAT:ISOC_BDE15AG(1.0),02/10/23 23:00:00,A,ICT,NL,2011,,c
ESTAT:ISOC_BDE15AG(1.0),02/10/23 23:00:00,A,ICT,NL,2012,,c
ESTAT:ISOC_BDE15AG(1.0),02/10/23 23:00:00,A,ICT,NL,2013,4.9,
ESTAT:ISOC_BDE15AG(1.0),02/10/23 23:00:00,A,ICT,NL,2014,,c
ESTAT:ISOC_BDE15AG(1.0),02/10/23 23:00:00,A,ICT,NL,2015,,c
ESTAT:ISOC_BDE15AG(1.0),02/10/23 23:00:00,A,ICT,NL,2016,,c
ESTAT:ISOC_BDE15AG(1.0),02/10/23 23:00:00,A,ICT,NL,2017,,c
ESTAT:ISOC_BDE15AG(1.0),02/10/23 23:00:00,A,ICT,NL,2018,,c
ESTAT:ISOC_BDE15AG(1.0),02/10/23 23:00:00,A,ICT,NL,2019,,c
ESTAT:ISOC_BDE15AG(1.0),02/10/23 23:00:00,A,ICT,NL,2020,,c
ESTAT:ISOC_BDE15AG(1.0),02/10/23 23:00:00,A,ICT,NO,2008,,b
ESTAT:ISOC_BDE15AG(1.0),02/10/23 23:00:00,A,ICT,NO,2009,3.43,
ESTAT:ISOC_BDE15AG(1.0),02/10/23 23:00:00,A,ICT,NO,2010,3.35,
ESTAT:ISOC_BDE15AG(1.0),02/10/23 23:00:00,A,ICT,NO,2011,3.13,
ESTAT:ISOC_BDE15AG(1.0),02/10/23 23:00:00,A,ICT,NO,2012,3.18,
ESTAT:ISOC_BDE15AG(1.0),02/10/23 23:00:00,A,ICT,NO,2013,3.16,
ESTAT:ISOC_BDE15AG(1.0),02/10/23 23:00:00,A,ICT,NO,2014,3.27,
ESTAT:ISOC_BDE15AG(1.0),02/10/23 23:00:00,A,ICT,NO,2015,3.38,
ESTAT:ISOC_BDE15AG(1.0),02/10/23 23:00:00,A,ICT,NO,2016,,c
ESTAT:ISOC_BDE15AG(1.0),02/10/23 23:00:00,A,ICT,NO,2017,3.4,
ESTAT:ISOC_BDE15AG(1.0),02/10/23 23:00:00,A,ICT,NO,2018,3.35,b
ESTAT:ISOC_BDE15AG(1.0),02/10/23 23:00:00,A,ICT,NO,2019,3.73,
ESTAT:ISOC_BDE15AG(1.0),02/10/23 23:00:00,A,ICT,NO,2020,4.04,
ESTAT:ISOC_BDE15AG(1.0),02/10/23 23:00:00,A,ICT,PL,2008,,c
ESTAT:ISOC_BDE15AG(1.0),02/10/23 23:00:00,A,ICT,PL,2009,3.07,
ESTAT:ISOC_BDE15AG(1.0),02/10/23 23:00:00,A,ICT,PL,2010,3.21,
ESTAT:ISOC_BDE15AG(1.0),02/10/23 23:00:00,A,ICT,PL,2011,3.3,
ESTAT:ISOC_BDE15AG(1.0),02/10/23 23:00:00,A,ICT,PL,2012,3.16,
ESTAT:ISOC_BDE15AG(1.0),02/10/23 23:00:00,A,ICT,PL,2013,3.06,
ESTAT:ISOC_BDE15AG(1.0),02/10/23 23:00:00,A,ICT,PL,2014,3.09,
ESTAT:ISOC_BDE15AG(1.0),02/10/23 23:00:00,A,ICT,PL,2015,3.15,
ESTAT:ISOC_BDE15AG(1.0),02/10/23 23:00:00,A,ICT,PL,2016,3.23,
ESTAT:ISOC_BDE15AG(1.0),02/10/23 23:00:00,A,ICT,PL,2017,3.35,
ESTAT:ISOC_BDE15AG(1.0),02/10/23 23:00:00,A,ICT,PL,2018,3.58,b
ESTAT:ISOC_BDE15AG(1.0),02/10/23 23:00:00,A,ICT,PL,2019,3.63,
ESTAT:ISOC_BDE15AG(1.0),02/10/23 23:00:00,A,ICT,PL,2020,3.77,
ESTAT:ISOC_BDE15AG(1.0),02/10/23 23:00:00,A,ICT,PT,2008,3.59,b
ESTAT:ISOC_BDE15AG(1.0),02/10/23 23:00:00,A,ICT,PT,2009,,c
ESTAT:ISOC_BDE15AG(1.0),02/10/23 23:00:00,A,ICT,PT,2010,,c
ESTAT:ISOC_BDE15AG(1.0),02/10/23 23:00:00,A,ICT,PT,2011,,c
ESTAT:ISOC_BDE15AG(1.0),02/10/23 23:00:00,A,ICT,PT,2012,,c
ESTAT:ISOC_BDE15AG(1.0),02/10/23 23:00:00,A,ICT,PT,2013,,c
ESTAT:ISOC_BDE15AG(1.0),02/10/23 23:00:00,A,ICT,PT,2014,,c
ESTAT:ISOC_BDE15AG(1.0),02/10/23 23:00:00,A,ICT,PT,2015,,c
ESTAT:ISOC_BDE15AG(1.0),02/10/23 23:00:00,A,ICT,PT,2016,,c
ESTAT:ISOC_BDE15AG(1.0),02/10/23 23:00:00,A,ICT,PT,2017,,c
ESTAT:ISOC_BDE15AG(1.0),02/10/23 23:00:00,A,ICT,PT,2018,,c
ESTAT:ISOC_BDE15AG(1.0),02/10/23 23:00:00,A,ICT,PT,2019,,c
ESTAT:ISOC_BDE15AG(1.0),02/10/23 23:00:00,A,ICT,PT,2020,4.21,
ESTAT:ISOC_BDE15AG(1.0),02/10/23 23:00:00,A,ICT,RO,2008,3.16,b
ESTAT:ISOC_BDE15AG(1.0),02/10/23 23:00:00,A,ICT,RO,2009,3.12,p
ESTAT:ISOC_BDE15AG(1.0),02/10/23 23:00:00,A,ICT,RO,2010,3.04,
ESTAT:ISOC_BDE15AG(1.0),02/10/23 23:00:00,A,ICT,RO,2011,2.93,
ESTAT:ISOC_BDE15AG(1.0),02/10/23 23:00:00,A,ICT,RO,2012,3.02,
ESTAT:ISOC_BDE15AG(1.0),02/10/23 23:00:00,A,ICT,RO,2013,3.15,
ESTAT:ISOC_BDE15AG(1.0),02/10/23 23:00:00,A,ICT,RO,2014,3.31,
ESTAT:ISOC_BDE15AG(1.0),02/10/23 23:00:00,A,ICT,RO,2015,3.35,
ESTAT:ISOC_BDE15AG(1.0),02/10/23 23:00:00,A,ICT,RO,2016,3.62,
ESTAT:ISOC_BDE15AG(1.0),02/10/23 23:00:00,A,ICT,RO,2017,3.56,
ESTAT:ISOC_BDE15AG(1.0),02/10/23 23:00:00,A,ICT,RO,2018,3.71,b
ESTAT:ISOC_BDE15AG(1.0),02/10/23 23:00:00,A,ICT,RO,2019,3.72,
ESTAT:ISOC_BDE15AG(1.0),02/10/23 23:00:00,A,ICT,RO,2020,4.25,
ESTAT:ISOC_BDE15AG(1.0),02/10/23 23:00:00,A,ICT,RS,2008,,b
ESTAT:ISOC_BDE15AG(1.0),02/10/23 23:00:00,A,ICT,RS,2016,,c
ESTAT:ISOC_BDE15AG(1.0),02/10/23 23:00:00,A,ICT,RS,2017,4.42,p
ESTAT:ISOC_BDE15AG(1.0),02/10/23 23:00:00,A,ICT,RS,2018,4.51,
ESTAT:ISOC_BDE15AG(1.0),02/10/23 23:00:00,A,ICT,RS,2019,4.92,
ESTAT:ISOC_BDE15AG(1.0),02/10/23 23:00:00,A,ICT,RS,2020,,c
ESTAT:ISOC_BDE15AG(1.0),02/10/23 23:00:00,A,ICT,SE,2008,,c
ESTAT:ISOC_BDE15AG(1.0),02/10/23 23:00:00,A,ICT,SE,2009,6.14,
ESTAT:ISOC_BDE15AG(1.0),02/10/23 23:00:00,A,ICT,SE,2010,6.27,
ESTAT:ISOC_BDE15AG(1.0),02/10/23 23:00:00,A,ICT,SE,2011,,c
ESTAT:ISOC_BDE15AG(1.0),02/10/23 23:00:00,A,ICT,SE,2012,,c
ESTAT:ISOC_BDE15AG(1.0),02/10/23 23:00:00,A,ICT,SE,2013,,c
ESTAT:ISOC_BDE15AG(1.0),02/10/23 23:00:00,A,ICT,SE,2014,6.28,
ESTAT:ISOC_BDE15AG(1.0),02/10/23 23:00:00,A,ICT,SE,2015,,c
ESTAT:ISOC_BDE15AG(1.0),02/10/23 23:00:00,A,ICT,SE,2016,,c
ESTAT:ISOC_BDE15AG(1.0),02/10/23 23:00:00,A,ICT,SE,2017,,c
ESTAT:ISOC_BDE15AG(1.0),02/10/23 23:00:00,A,ICT,SE,2018,5.94,b
ESTAT:ISOC_BDE15AG(1.0),02/10/23 23:00:00,A,ICT,SE,2019,6.48,
ESTAT:ISOC_BDE15AG(1.0),02/10/23 23:00:00,A,ICT,SE,2020,7.09,
ESTAT:ISOC_BDE15AG(1.0),02/10/23 23:00:00,A,ICT,SI,2008,3.34,b
ESTAT:ISOC_BDE15AG(1.0),02/10/23 23:00:00,A,ICT,SI,2009,,c
ESTAT:ISOC_BDE15AG(1.0),02/10/23 23:00:00,A,ICT,SI,2010,3.5,
ESTAT:ISOC_BDE15AG(1.0),02/10/23 23:00:00,A,ICT,SI,2011,3.47,
ESTAT:ISOC_BDE15AG(1.0),02/10/23 23:00:00,A,ICT,SI,2012,3.55,
ESTAT:ISOC_BDE15AG(1.0),02/10/23 23:00:00,A,ICT,SI,2013,3.56,
ESTAT:ISOC_BDE15AG(1.0),02/10/23 23:00:00,A,ICT,SI,2014,3.59,
ESTAT:ISOC_BDE15AG(1.0),02/10/23 23:00:00,A,ICT,SI,2015,3.6,
ESTAT:ISOC_BDE15AG(1.0),02/10/23 23:00:00,A,ICT,SI,2016,3.59,
ESTAT:ISOC_BDE15AG(1.0),02/10/23 23:00:00,A,ICT,SI,2017,3.67,
ESTAT:ISOC_BDE15AG(1.0),02/10/23 23:00:00,A,ICT,SI,2018,3.59,
ESTAT:ISOC_BDE15AG(1.0),02/10/23 23:00:00,A,ICT,SI,2019,3.71,
ESTAT:ISOC_BDE15AG(1.0),02/10/23 23:00:00,A,ICT,SI,2020,4.03,
ESTAT:ISOC_BDE15AG(1.0),02/10/23 23:00:00,A,ICT,SK,2008,4.41,b
ESTAT:ISOC_BDE15AG(1.0),02/10/23 23:00:00,A,ICT,SK,2009,3.68,
ESTAT:ISOC_BDE15AG(1.0),02/10/23 23:00:00,A,ICT,SK,2010,4.59,
ESTAT:ISOC_BDE15AG(1.0),02/10/23 23:00:00,A,ICT,SK,2011,4.41,
ESTAT:ISOC_BDE15AG(1.0),02/10/23 23:00:00,A,ICT,SK,2012,4.68,
ESTAT:ISOC_BDE15AG(1.0),02/10/23 23:00:00,A,ICT,SK,2013,,c
ESTAT:ISOC_BDE15AG(1.0),02/10/23 23:00:00,A,ICT,SK,2014,4.16,
ESTAT:ISOC_BDE15AG(1.0),02/10/23 23:00:00,A,ICT,SK,2015,4.33,
ESTAT:ISOC_BDE15AG(1.0),02/10/23 23:00:00,A,ICT,SK,2016,4,
ESTAT:ISOC_BDE15AG(1.0),02/10/23 23:00:00,A,ICT,SK,2017,4.29,
ESTAT:ISOC_BDE15AG(1.0),02/10/23 23:00:00,A,ICT,SK,2018,4.11,
ESTAT:ISOC_BDE15AG(1.0),02/10/23 23:00:00,A,ICT,SK,2019,4.3,
ESTAT:ISOC_BDE15AG(1.0),02/10/23 23:00:00,A,ICT,SK,2020,4.66,
ESTAT:ISOC_BDE15AG(1.0),02/10/23 23:00:00,A,ICT,TR,2008,,b
ESTAT:ISOC_BDE15AG(1.0),02/10/23 23:00:00,A,ICT,UK,2008,5.79,b
ESTAT:ISOC_BDE15AG(1.0),02/10/23 23:00:00,A,ICT,UK,2009,,c
ESTAT:ISOC_BDE15AG(1.0),02/10/23 23:00:00,A,ICT,UK,2010,5.38,
ESTAT:ISOC_BDE15AG(1.0),02/10/23 23:00:00,A,ICT,UK,2011,,c
ESTAT:ISOC_BDE15AG(1.0),02/10/23 23:00:00,A,ICT,UK,2012,,c
ESTAT:ISOC_BDE15AG(1.0),02/10/23 23:00:00,A,ICT,UK,2013,,c
ESTAT:ISOC_BDE15AG(1.0),02/10/23 23:00:00,A,ICT,UK,2014,5.67,
ESTAT:ISOC_BDE15AG(1.0),02/10/23 23:00:00,A,ICT,UK,2015,5.81,
ESTAT:ISOC_BDE15AG(1.0),02/10/23 23:00:00,A,ICT,UK,2016,5.87,b
ESTAT:ISOC_BDE15AG(1.0),02/10/23 23:00:00,A,ICT,UK,2017,5.97,
ESTAT:ISOC_BDE15AG(1.0),02/10/23 23:00:00,A,ICT,UK,2018,6.15,
